con,Omega,Theta,ygross,ynet,inv,Eind,scc,carbontax,Abatement,Dam,Emissions
77.30115,0.0028556,0.001457669,105.17594,104.8756,27.421581,28.71408,47.825447,49.02259,0.1533117,0.3003404,31.314083
79.76698,0.003498102,0.0015160487,108.6731,108.292946,28.361794,29.029566,49.10032,50.596508,0.1647537,0.3801496,31.57045
82.32018,0.004105799,0.0015710277,112.281166,111.82016,29.324308,29.353203,50.443268,52.104378,0.17639682,0.46100387,31.836315
84.958336,0.0046754926,0.0016264128,115.99433,115.451996,30.305883,29.674255,51.850075,53.625507,0.18865468,0.5423307,32.100906
87.69255,0.005207892,0.0016835992,119.81357,119.18959,31.296377,29.989073,53.33496,55.188496,0.20171802,0.6239761,32.36055
90.51328,0.0057058167,0.0017363877,123.73774,123.031715,32.304802,30.30994,54.889076,56.66899,0.21485671,0.70602494,32.627495
93.41694,0.0061730864,0.0017925275,127.7581,126.96945,33.324917,30.617153,56.504757,58.223633,0.22900991,0.78866184,32.882008
96.379295,0.006613875,0.0018483468,131.87813,131.00589,34.384464,30.91889,58.17194,59.778954,0.24375652,0.8722254,33.13225
99.43159,0.0070322896,0.0019167372,136.09717,135.14009,35.44948,31.185759,59.912148,61.59089,0.2608625,0.9570747,33.34879
102.56826,0.007432176,0.0019946084,140.41412,139.37056,36.524303,31.42354,61.714127,63.594852,0.28007123,1.0435826,33.53739
105.77034,0.00781696,0.0020697617,144.82626,143.69417,37.626404,31.65812,63.5753,65.54995,0.29975584,1.132101,33.723907
109.03622,0.008189641,0.0021434294,149.33281,148.10983,38.75615,31.885878,65.495995,67.4823,0.32008436,1.222982,33.904694
112.37963,0.008552834,0.0022210246,153.93306,152.61649,39.897873,32.094345,67.4731,69.49739,0.34188908,1.316564,34.06726
115.79882,0.008908794,0.0023028739,158.62624,157.21307,41.05221,32.282166,69.51269,71.60092,0.3652962,1.4131684,34.21022
119.29041,0.009259421,0.002387041,163.40868,161.89561,42.218742,32.452477,71.61168,73.755516,0.3900632,1.5130697,34.336693
122.85064,0.009606296,0.0024752747,168.27942,166.66289,43.39971,32.60075,73.767654,75.99449,0.4165378,1.616542,34.442123
126.465004,0.009950736,0.002566281,173.24095,171.51709,44.611908,32.73023,75.96773,78.292885,0.44458497,1.7238749,34.52973
130.13548,0.01029381,0.0026581753,178.29489,176.45956,45.85503,32.844852,78.21761,80.61581,0.4739391,1.8353338,34.60344
133.8801,0.010636388,0.002753022,183.44006,181.48892,47.109177,32.939743,80.53465,83.00204,0.50501454,1.9511397,34.658344
137.69301,0.010979185,0.002851467,188.67542,186.60391,48.3788,33.01281,82.91197,85.46379,0.5380017,2.0715024,34.692337
141.5687,0.011322762,0.002952142,194.00021,191.8036,49.668667,33.066868,85.342476,87.975685,0.5727161,2.196618,34.708206
145.51341,0.011667555,0.0030549853,199.41429,197.08763,50.97212,33.101807,87.83184,90.53696,0.60920775,2.3266773,34.705822
149.51775,0.012013893,0.0031565046,204.91881,202.45692,52.300114,33.125248,90.37083,93.0847,0.6468271,2.4618723,34.692795
153.5862,0.012362022,0.0032600325,210.51253,207.91016,53.64617,33.129547,92.96495,95.68034,0.6862777,2.6023605,34.66145
157.7169,0.012712131,0.0033644696,216.19612,213.4478,55.01276,33.11693,95.612915,98.30476,0.7273852,2.7483134,34.614
161.91188,0.01306434,0.0034706367,221.97118,219.07127,56.39906,33.085896,98.31243,100.97303,0.77038133,2.8999069,34.548927
166.1657,0.0134187285,0.0035799402,227.838,224.78069,57.810295,33.033054,101.06396,103.71105,0.81564635,3.057296,34.462826
170.47339,0.013775321,0.003693299,233.79442,230.57382,59.24887,32.95619,103.866035,106.53504,0.8634727,3.2205932,34.353447
174.84598,0.014134105,0.003810392,239.84206,236.4521,60.70513,32.855923,106.72773,109.43973,0.9138922,3.3899527,34.22141
179.28113,0.014495025,0.0039301976,245.98183,242.41634,62.18247,32.73471,109.649506,112.40699,0.9667572,3.565513,34.069153
183.76732,0.014857993,0.004051402,252.21503,248.46764,63.693687,32.595436,112.61781,115.41439,1.0218246,3.7474096,33.899532
188.32631,0.015222894,0.0041723386,258.54413,254.60832,65.2197,32.44204,115.65018,118.43331,1.0787337,3.9357898,33.716484
192.94139,0.015589609,0.0042945677,264.96722,260.83652,66.77494,32.270706,118.73433,121.49209,1.1379198,4.1307354,33.516174
197.61617,0.015958006,0.0044245906,271.48013,267.14786,68.3497,32.066753,121.87931,124.70421,1.2011884,4.3322816,33.2839
202.36597,0.016327947,0.0045574154,278.08987,273.54926,69.93657,31.841955,125.08538,127.98277,1.267371,4.540637,33.03143
207.18912,0.016699253,0.004688931,284.79694,280.04105,71.53883,31.605177,128.36043,131.25764,1.3353932,4.755896,32.76761
212.0698,0.017071737,0.0048218803,291.59995,286.62183,73.16998,31.350267,131.68985,134.5771,1.40606,4.9781175,32.486267
216.99867,0.01744522,0.004959614,298.49896,293.2916,74.838295,31.070044,135.07417,137.99913,1.4804395,5.20738,32.18021
221.99539,0.017819528,0.0050998367,305.4921,300.0484,76.52279,30.76921,138.51416,141.48494,1.5579598,5.443725,31.854136
227.06905,0.01819445,0.005243445,312.57986,306.89264,78.2144,30.445946,142.02768,145.05035,1.6389952,5.687218,31.506205
232.21979,0.018569784,0.005393107,319.76022,313.8224,79.91012,30.09439,145.62361,148.74123,1.7245011,5.937879,31.130545
237.42293,0.018945314,0.005542395,327.03632,320.8405,81.639336,29.728807,149.26758,152.44879,1.8125644,6.1958065,30.741396
242.6887,0.01932081,0.0056957854,334.4063,327.94534,83.388756,29.33942,152.96616,156.24982,1.9047067,6.4610014,30.328987
248.01155,0.019696042,0.0058527733,341.87335,335.13977,85.16673,28.927757,156.7134,160.13612,2.0009072,6.733552,29.894823
253.39882,0.020070782,0.0060111596,349.44022,342.4267,86.96948,28.498682,160.51616,164.07173,2.1005409,7.013538,29.443758
258.8319,0.020444792,0.0061738794,357.10693,349.80597,88.81438,28.046154,164.36264,168.10637,2.2047353,7.3009768,28.969742
264.34286,0.020817835,0.006338208,364.87338,357.27753,90.67018,27.575966,168.27893,172.19524,2.3126435,7.595874,28.478552
269.91742,0.021189678,0.006501129,372.7377,364.8395,92.550224,27.094429,172.26682,176.28883,2.423216,7.8981924,27.976496
275.5567,0.021560077,0.0066655832,380.7038,372.49582,94.45622,26.595762,176.31035,180.43715,2.537613,8.208003,27.45777
281.26468,0.021928823,0.006831939,388.77338,380.24802,96.3855,26.079212,180.41545,184.64757,2.6560757,8.525342,26.921623
287.0339,0.022295699,0.00699894,396.94638,388.0962,98.34604,25.54767,184.5799,188.8997,2.778204,8.850197,26.370926
292.8663,0.022660486,0.0071622604,405.2252,396.0426,100.33973,25.010347,188.80574,193.12291,2.9023283,9.1826,25.814884
298.77823,0.023022976,0.007325068,413.6097,404.08722,102.349,24.46071,193.11246,197.37064,3.0297194,9.522527,25.246954
304.7409,0.023382975,0.007489343,422.09525,412.2254,104.39722,23.894276,197.46896,201.67702,3.1612158,9.869843,24.662642
310.76895,0.023740305,0.007655261,430.68402,420.45944,106.47176,23.31109,201.88945,206.04536,3.2969987,10.22457,24.061985
316.86728,0.024094768,0.007824748,439.38388,428.7971,108.57456,22.70752,206.38477,210.50891,3.4380684,10.586853,23.441341
323.05457,0.024446169,0.007999286,448.1924,437.23584,110.683685,22.080606,210.97218,215.09256,3.5852191,10.956588,22.797745
329.32004,0.0247943,0.008171506,457.10553,445.77194,112.80925,21.445566,215.64124,219.67554,3.735241,11.3336115,22.146397
335.64044,0.02513892,0.008350975,466.12088,454.40314,114.96798,20.78253,220.35432,224.41692,3.8925638,11.717776,21.467424
342.01947,0.025479833,0.008534681,475.24326,463.1341,117.1619,20.098248,225.12408,229.26755,4.0560493,12.1091175,20.767569
348.45935,0.02581679,0.008716363,484.4743,471.9667,119.393555,19.405796,229.96474,234.12546,4.222854,12.50757,20.059896
354.9855,0.026149545,0.008900319,493.8169,480.90378,121.63808,18.696566,234.88165,239.0624,4.395128,12.913088,19.335796
361.57275,0.026477875,0.009087415,503.26605,489.94064,123.9156,17.968822,239.85791,244.09325,4.5733876,13.325416,18.59352
368.23102,0.026801547,0.00928351,512.8276,499.083,126.21882,17.210815,244.91458,249.31622,4.76084,13.744574,17.821308
374.96042,0.027120337,0.009476963,522.4978,508.32745,128.54962,16.44652,250.04558,254.54027,4.9516926,14.170316,17.04313
381.7649,0.027433967,0.009668277,532.2823,517.6796,130.9097,15.675326,255.24265,259.774,5.146252,14.602614,16.258371
388.6517,0.027742224,0.00987744,542.1802,527.13885,133.28044,14.856378,260.52112,265.34933,5.355352,15.041284,15.426167
395.6031,0.028044876,0.010085912,552.1844,536.6984,135.68219,14.027702,265.87048,270.96085,5.569283,15.485941,14.584536
402.63507,0.028341638,0.01029546,562.2951,546.3587,138.09865,13.185899,271.29428,276.63885,5.789087,15.936363,13.73007
409.73492,0.028632242,0.010508397,572.5168,556.1244,140.54549,12.326567,276.77133,282.42273,6.016234,16.392439,12.858366
416.90817,0.028916437,0.0107162185,582.84973,565.99585,143.02238,11.467153,282.32486,288.17285,6.2459455,16.85394,11.986859
424.1735,0.029193964,0.010920542,593.29315,575.9726,145.50916,10.604468,287.96713,293.91702,6.4790835,17.32058,11.112358
431.5223,0.029464617,0.011130407,603.84955,586.0574,148.01196,9.720513,293.67477,299.80606,6.7210917,17.792194,10.216855
438.93832,0.02972821,0.011340557,614.51447,596.24603,150.54596,8.826039,299.43753,305.7539,6.968936,18.268415,9.311095
446.43762,0.02998454,0.011547436,625.28613,606.53723,153.09564,7.9283037,305.27536,311.70303,7.2204523,18.748919,8.402331
454.02356,0.030233387,0.011750422,636.166,616.93256,155.65977,7.028886,311.19666,317.64325,7.4752197,19.233454,7.492134
461.69064,0.030474575,0.011946937,647.1551,627.4332,158.24667,6.1330833,317.18478,323.53256,7.731521,19.721775,6.5857987
469.44257,0.030707942,0.012138029,658.2504,638.037,160.84988,5.2389493,323.2498,329.389,7.9898634,20.213516,5.6813717
477.27667,0.030933356,0.0123215215,669.45776,648.74915,163.47894,4.3510795,329.38626,335.1765,8.248738,20.708576,4.783442
485.1884,0.031150704,0.012497402,680.77563,659.5689,166.13763,3.4696965,335.58905,340.89474,8.507926,21.20664,3.8922284
493.19226,0.0313599,0.012657288,692.20496,670.49744,168.81854,2.6117187,341.8773,346.40283,8.761438,21.707478,3.0246427
501.3256,0.03156087,0.012774903,703.7433,681.53253,171.50044,1.8301454,348.29172,351.25375,8.990253,22.210752,2.2336805
509.55814,0.03175361,0.012855178,715.38245,692.66644,174.20403,1.1158382,354.82693,355.5228,9.196369,22.715977,1.5101978
517.9388,0.0319383,0.012875359,727.1254,703.9022,176.90051,0.5161749,361.54974,358.80872,9.362,23.223152,0.9015676
526.419,0.03211524,0.012743255,738.9674,715.2353,179.70181,0.22293971,368.43518,359.49078,9.41685,23.732117,0.5995695
534.93884,0.032284956,0.01253841,750.9318,726.688,182.63768,0.08299594,375.46628,358.87418,9.415492,24.243803,0.451062
543.55896,0.032448653,0.012309865,763.0248,738.2657,185.61879,0.0,382.61996,357.77966,9.392733,24.759129,0.35969707
552.2974,0.032591783,0.0120471455,775.24884,749.9821,188.64948,0.0,389.91776,355.99527,9.339536,25.266743,0.35151836
561.1535,0.032718338,0.011789834,787.61444,761.845,191.70943,0.0,397.34576,354.21964,9.285843,25.769434,0.3435256
570.14435,0.032831732,0.011537815,800.1191,773.8498,194.77689,0.0,404.94263,352.45297,9.231626,26.269293,0.33571473
579.2359,0.032934677,0.011291018,812.75757,785.98975,197.87918,0.0,412.64774,350.6951,9.17686,26.767908,0.3280814
588.4186,0.033029325,0.011049299,825.53076,798.26416,201.02534,0.0,420.45987,348.94598,9.121536,27.266726,0.32062155
597.7007,0.033117384,0.010812577,838.43634,810.66956,204.20337,0.0,428.37894,347.20557,9.065657,27.766819,0.31333125
607.0829,0.0332002,0.010580757,851.47253,823.2035,207.41052,0.0,436.40475,345.47388,9.009224,28.26906,0.30620688
616.56116,0.03327883,0.010353737,864.63794,835.8638,210.6483,0.0,444.548,343.75082,8.952233,28.77414,0.29924443
626.1292,0.03335412,0.010131402,877.93286,848.65027,213.92299,0.0,452.79456,342.0363,8.894691,29.282679,0.2924403
635.79425,0.033426728,0.009913702,891.35406,861.5591,217.2236,0.0,461.14603,340.3304,8.836618,29.795048,0.28579083
645.55505,0.03349717,0.009700501,904.9007,874.5891,220.55006,0.0,469.60205,338.63303,8.777989,30.311611,0.2792926
655.41144,0.03356586,0.009491714,918.5717,887.7391,223.90143,0.0,478.16156,336.94406,8.71882,30.832651,0.27294213
665.378,0.03363311,0.009287285,932.3685,901.0101,227.26414,0.0,486.8416,335.2635,8.659172,31.358454,0.26673612
675.4221,0.03369917,0.009087095,946.29297,914.4037,230.67236,0.0,495.62064,333.59137,8.599054,31.889288,0.26067114
685.5527,0.033764232,0.008891091,960.34235,927.9171,234.11426,0.0,504.49896,331.92755,8.53849,32.42522,0.2547441
695.7741,0.033828452,0.008699142,974.51843,941.552,237.58722,0.0,513.48193,330.27206,8.477475,32.96645,0.2489518
706.07947,0.033891957,0.008511213,988.8222,955.309,241.09874,0.0,522.574,328.6248,8.416076,33.51312,0.24329126
716.4538,0.03395483,0.008327193,1003.25507,969.18964,244.66533,0.0,531.78107,326.98578,8.354299,34.065357,0.23775938
726.91956,0.034017142,0.008147018,1017.8154,983.1922,248.26254,0.0,541.0976,325.35492,8.29216,34.62317,0.23235333
737.4582,0.034078952,0.007970612,1032.503,997.3164,251.90894,0.0,550.509,323.73218,8.22968,35.18662,0.22707012
748.07855,0.034140304,0.0077978834,1047.3198,1011.564,255.5974,0.0,560.0188,322.11755,8.166878,35.755817,0.22190705
758.78796,0.03420122,0.007628773,1062.267,1025.9362,259.32153,0.0,569.63525,320.51093,8.103793,36.330826,0.21686128
769.589,0.034261733,0.00746096,1077.3429,1040.4314,263.07974,0.007556444,579.36743,318.85352,8.0380125,36.911633,0.21948673
780.4878,0.034321867,0.0072963773,1092.552,1055.0536,266.86768,0.016291777,589.2268,317.19525,7.9716716,37.498425,0.2234033
791.47894,0.034381658,0.007135238,1107.8949,1069.8036,270.69128,0.02512492,599.19763,315.5443,7.905093,38.09126,0.22752717
802.56433,0.03444113,0.006977426,1123.3684,1084.6783,274.54575,0.034365993,609.28186,313.89844,7.838219,38.69008,0.23216608
813.7609,0.034500316,0.0068230922,1138.9717,1099.6768,278.41272,0.043139875,619.5151,312.26422,7.771309,39.294884,0.2364425
825.0497,0.034559235,0.0066728285,1154.7041,1114.7985,282.30988,0.049005795,629.87683,310.6605,7.705142,39.90569,0.2379131
836.422,0.034617897,0.006526866,1170.5614,1130.0391,286.24146,0.05067171,640.3553,309.097,7.6400967,40.522373,0.23528376
847.8842,0.03467631,0.0063839946,1186.5411,1145.3962,290.19983,0.052263293,650.9427,307.54178,7.5748725,41.144867,0.2326777
859.4367,0.034734454,0.0062441407,1202.6442,1160.871,294.18564,0.053818874,661.6393,305.99442,7.5094795,41.77319,0.23013102
871.0855,0.03479233,0.006107437,1218.8698,1176.4624,298.19177,0.05461782,672.45996,304.46066,7.44417,42.40732,0.22692107
882.82935,0.03484993,0.0059743067,1235.2206,1192.1732,302.2214,0.05263951,683.4113,302.9557,7.379586,43.047348,0.22102495
894.6658,0.034907244,0.0058442554,1251.6954,1208.0022,306.27652,0.04949641,694.4826,301.46716,7.3152275,43.693237,0.21405323
906.59247,0.034964256,0.005716924,1268.2928,1223.948,310.35834,0.04645127,705.66516,299.98538,7.250734,44.344917,0.2072665
918.5893,0.035020966,0.0055916286,1285.0134,1240.011,314.48804,0.046210557,716.9418,298.48962,7.1853175,45.00241,0.20336923
930.6755,0.035077356,0.005468762,1301.8539,1256.1882,318.64294,0.04691467,728.3417,296.99402,7.119529,45.665592,0.20049995
942.8529,0.035133433,0.005348622,1318.8143,1272.4799,322.82092,0.04706347,739.8541,295.5101,7.053839,46.334476,0.19715653
955.13116,0.0351892,0.0052317306,1335.8962,1288.8871,327.01282,0.04403963,751.5152,294.05768,6.989049,47.00912,0.19071989
967.4979,0.03524466,0.005117288,1353.0997,1305.4103,331.2322,0.041151203,763.3016,292.61154,6.9242015,47.68954,0.18449633
979.9533,0.035299804,0.005005177,1370.4225,1322.0469,335.4764,0.038656536,775.2027,291.16968,6.8592067,48.375645,0.17874229
992.4967,0.03535463,0.0048955893,1387.8625,1338.7952,339.74435,0.03543842,787.22034,289.74057,6.7944055,49.067368,0.17233895
1005.11206,0.03540913,0.0047876663,1405.4208,1355.6561,344.0536,0.03544554,799.3521,288.29416,6.728686,49.764725,0.16923328
1017.8039,0.03546331,0.004682065,1423.1003,1372.6324,348.40176,0.03535507,811.59015,286.85568,6.663048,50.46785,0.16610081
1030.5776,0.035517175,0.0045787077,1440.9011,1389.7244,352.78372,0.0352328,823.9395,285.42462,6.5974655,51.176735,0.16300572
1043.4303,0.035570726,0.0044774567,1458.8229,1406.9315,357.2018,0.03567856,836.40216,283.99637,6.531816,51.891388,0.16054626
1056.3663,0.035623968,0.004378232,1476.8645,1424.2527,361.65063,0.036804248,848.9813,282.57,6.4660554,52.611774,0.15883271
1069.3958,0.035676915,0.0042810673,1495.0231,1441.6852,366.11768,0.038246118,861.6895,281.14822,6.400295,53.33781,0.1575
1082.5177,0.035729572,0.0041860295,1513.3008,1459.2313,370.60526,0.03941591,874.5177,279.73563,6.334722,54.069595,0.15595822
1095.7251,0.035781942,0.0040930603,1531.6951,1476.8881,375.118,0.040471207,887.4567,278.33078,6.2693205,54.807022,0.15436369
1109.0006,0.035834026,0.004002323,1550.207,1494.6569,379.67426,0.04012081,900.49243,276.94363,6.2044287,55.55015,0.15142363
1122.3666,0.035885833,0.003913488,1568.8434,1512.5442,384.2584,0.04003938,913.6478,275.5613,6.13965,56.299255,0.14881147
1135.8229,0.03593736,0.003826515,1587.6045,1530.5502,388.87064,0.0401743,926.9225,274.1842,6.074992,57.054317,0.1464731
1149.3175,0.03598861,0.0037416148,1606.4879,1548.6727,393.5606,0.03908687,940.2835,272.8232,6.0108595,57.815273,0.14296865
1162.862,0.036039576,0.0036586856,1625.496,1566.9138,398.31882,0.0371276,953.7473,271.4757,5.947179,58.582188,0.13864735
1176.5066,0.03609027,0.003577448,1644.6315,1585.2764,403.0985,0.035686582,967.34625,270.13113,5.8835835,59.355194,0.13489802
1190.2394,0.036140673,0.003497911,1663.8914,1603.7573,407.90817,0.03453706,981.06476,268.79095,5.820144,60.13416,0.13149261
1204.06,0.036190793,0.003420041,1683.2748,1622.3556,412.7471,0.033644155,994.902,267.45563,5.7568684,60.919044,0.12839518
1217.9861,0.036240622,0.0033438983,1702.7805,1641.0707,417.59695,0.03241635,1008.88257,266.1295,5.693925,61.709824,0.12501296
1232.0396,0.036290172,0.0032695604,1722.4058,1659.8994,422.43256,0.030141225,1023.03735,264.81815,5.63151,62.506397,0.12063242
1246.1821,0.03633944,0.0031968395,1742.1504,1678.8417,427.29254,0.027690496,1037.3197,263.51465,5.569375,63.30877,0.116124086
1260.4102,0.036388416,0.0031257046,1762.0107,1697.8939,432.17676,0.025192061,1051.7205,262.21826,5.5075254,64.11678,0.11161492
1274.7231,0.0364371,0.0030560843,1781.9875,1717.057,437.08636,0.022757554,1066.236,260.9279,5.445904,64.930466,0.10721528
1289.1018,0.0364855,0.0029879333,1802.0787,1736.3292,442.03937,0.020544177,1080.8428,259.64243,5.3844914,65.74975,0.10308151
1303.5498,0.03653361,0.0029210062,1822.2876,1755.713,447.03482,0.020110486,1095.5674,258.34973,5.3229136,66.57475,0.100771084
1318.0653,0.03658143,0.0028558967,1842.6124,1775.2069,452.07175,0.017065357,1110.4072,257.08374,5.2623105,67.405396,0.09589195
1332.6653,0.03662897,0.0027922024,1863.0472,1794.8058,457.12915,0.013906918,1125.365,255.82506,5.2020054,68.2415,0.09094117
1347.3489,0.036676224,0.0027298722,1883.5972,1814.5138,462.21167,0.010845274,1140.4375,254.57211,5.1419797,69.08323,0.08612793
1362.11,0.03672319,0.0026687586,1904.2595,1834.329,467.32358,0.008849779,1155.6362,253.3174,5.082009,69.93048,0.08242072
1376.9553,0.036769863,0.002608852,1925.0363,1854.2529,472.46008,0.007708022,1170.9672,252.06238,5.0221343,70.78332,0.079606146
1391.8895,0.036816254,0.0025502248,1945.9264,1874.2845,477.61508,0.006734394,1186.4281,250.81238,4.962549,71.641716,0.0769977
1406.9052,0.036862366,0.0024928567,1966.9244,1894.419,482.79114,0.00590748,1202.0103,249.56754,4.9032607,72.505486,0.07457317
1422.003,0.036908202,0.0024367238,1988.0359,1914.6611,487.99252,0.0051519447,1217.7091,248.32841,4.8442945,73.37483,0.07225633
1437.1804,0.036953762,0.0023817974,2009.2594,1935.0098,493.22055,0.004550615,1233.521,247.09427,4.785649,74.2497,0.07012918
1452.4275,0.036999065,0.0023279868,2030.5945,1955.4644,498.48444,0.0046248673,1249.4397,245.86104,4.727197,75.1301,0.06871237
1467.7546,0.037044097,0.0022753538,2052.0396,1976.0238,503.77283,0.0047033764,1265.4722,244.63391,4.669116,76.01595,0.06733367
1483.1604,0.037088875,0.002223862,2073.5935,1996.6863,509.0855,0.004815353,1281.6173,243.41258,4.6113863,76.90725,0.066021584
1498.6449,0.0371334,0.0021734904,2095.2573,2017.4534,514.4235,0.0050154007,1297.8746,242.19672,4.554022,77.80402,0.06482998
1514.1915,0.037177667,0.0021242546,2117.03,2038.3237,519.8024,0.0048791887,1314.2256,240.98953,4.497111,78.70624,0.06333368
1529.8,0.037221693,0.0020763348,2138.9045,2059.2908,525.2151,0.0026577788,1330.6742,239.80504,4.4410815,79.61365,0.059783183
1545.4846,0.03726547,0.0020293912,2160.8892,2080.3625,530.6562,0.0010737256,1347.2334,238.62144,4.3852897,80.52654,0.05690023
1561.245,0.037309002,0.0019832307,2182.983,2101.5378,536.12537,0.0017520917,1363.9104,237.42581,4.3293586,81.444916,0.056309234
1577.1062,0.037352283,0.0019380585,2205.187,2122.8184,541.598,0.0026636135,1380.7391,236.23419,4.273782,82.368774,0.055980243
1593.0442,0.037395313,0.0018938796,2227.4978,2144.1997,547.09454,0.003577173,1397.6793,235.04846,4.2186127,83.29797,0.05568151
1609.0593,0.03743811,0.0018506709,2249.9148,2165.6821,552.6149,0.00450063,1414.7318,233.86842,4.1638517,84.23256,0.05542023
1625.1581,0.037480664,0.0018083671,2272.4375,2187.2651,558.15173,0.0058822758,1431.9132,232.69049,4.109401,85.17246,0.055644073
1641.3146,0.037522987,0.0017669351,2295.065,2208.9473,563.7297,0.007865319,1449.2069,231.51341,4.0552306,86.11768,0.056495637
1657.5101,0.037565082,0.0017264029,2317.7974,2230.729,569.3678,0.009995493,1466.5856,230.3408,4.001452,87.06825,0.057520073
1673.7874,0.037606966,0.0016867686,2340.6401,2252.6157,575.02875,0.0121402,1484.0825,229.17377,3.948118,88.02437,0.05858422
1690.15,0.03764863,0.0016480146,2363.596,2274.6099,580.71136,0.014205481,1501.7043,228.0129,3.8952405,88.98615,0.059593454
1706.5858,0.037690084,0.0016102158,2386.6628,2296.7092,586.42523,0.015283864,1519.459,226.86583,3.8430421,89.95353,0.05963981
1723.0953,0.037731342,0.0015732484,2409.8335,2318.9072,592.1637,0.016383676,1537.3253,225.72415,3.7912664,90.926254,0.059731048
1739.6804,0.03777238,0.0015370975,2433.1104,2341.206,597.927,0.0175091,1555.3048,224.58786,3.7399278,91.90437,0.05987085
1756.3252,0.037813205,0.0015018567,2456.4885,2363.6008,603.7259,0.017473923,1573.3995,223.46674,3.6892936,92.8877,0.058872484
1773.0358,0.037853822,0.001467445,2479.968,2386.0916,609.5543,0.016873546,1591.6082,222.35597,3.6392164,93.87627,0.05733083
1789.8193,0.03789423,0.0014337951,2503.5503,2408.6802,615.4072,0.016323961,1609.9272,221.25038,3.5895782,94.87011,0.055861358
1806.6742,0.037934434,0.0014008854,2527.233,2431.3638,621.28357,0.01581649,1628.3555,220.14998,3.5403638,95.86915,0.05445493
1823.601,0.037974402,0.0013687019,2551.0166,2454.1433,627.1832,0.015365081,1646.8937,219.05461,3.4915812,96.87333,0.053124975
1840.5989,0.03801417,0.0013372309,2574.9001,2477.0173,633.10626,0.014948829,1665.541,217.9644,3.443236,97.88269,0.051850125
1857.6663,0.038053703,0.0013064572,2598.881,2499.9841,639.05164,0.014564505,1684.2959,216.87938,3.3953269,98.89704,0.050626732
1874.8035,0.03809302,0.001276364,2622.9597,2523.0435,645.0198,0.014245074,1703.1583,215.79926,3.3478515,99.91646,0.049487315
1892.0084,0.038132124,0.0012469409,2647.134,2546.193,651.00995,0.013938841,1722.1262,214.72452,3.3008196,100.94084,0.048379786
1909.2795,0.038170997,0.0012181638,2671.4048,2569.4343,657.02484,0.013735264,1741.1992,213.65422,3.2542083,101.97018,0.047393095
1926.616,0.038209666,0.0011900292,2695.769,2592.7644,663.06323,0.013559114,1760.374,212.58902,3.2080438,103.00443,0.046451643
1944.0177,0.038248107,0.0011625219,2720.224,2616.1807,669.1217,0.013377183,1779.6505,211.52922,3.1623201,104.04342,0.04552181
1961.4854,0.03828634,0.0011356323,2744.7708,2639.6836,675.20044,0.01319203,1799.0297,210.47473,3.1170504,105.08722,0.044605777
1979.0178,0.038324356,0.0011093437,2769.4075,2663.272,681.2997,0.012990103,1818.5106,209.42567,3.0722249,106.135765,0.043689582
1996.6146,0.03836216,0.0010836432,2794.134,2686.945,687.4187,0.012803494,1838.0924,208.38176,3.0278444,107.18901,0.042804964
2014.2778,0.038399752,0.0010585187,2818.9534,2710.706,693.559,0.012618459,1857.7777,207.34297,2.9839146,108.2471,0.041937765
2032.0145,0.03843714,0.0010339249,2843.8586,2734.549,699.70746,0.012894556,1877.58,206.30533,2.9403365,109.30979,0.04154722
2049.82,0.038474314,0.0010098717,2868.8547,2758.4775,705.8717,0.013307712,1897.4895,205.27156,2.897175,110.37722,0.04130887
2067.6877,0.038511284,0.0009863627,2893.9375,2782.4883,712.0559,0.0136804255,1917.4976,204.24323,2.8544717,111.44926,0.041044913
2085.6143,0.038548052,0.000963529,2919.106,2806.5803,718.2617,0.011954088,1937.6082,203.23897,2.8126433,112.52585,0.038696393
2103.5786,0.038584616,0.0009412079,2944.359,2830.752,724.5092,0.010238468,1957.7847,202.23979,2.771254,113.60696,0.036372703
2121.535,0.038620982,0.0009193684,2969.6997,2855.007,730.8472,0.00880533,1977.9736,201.24321,2.730248,114.69272,0.034345318
2139.5571,0.03865713,0.00089800823,2995.1367,2879.3535,737.2108,0.0075741643,1998.2709,200.25,2.6896574,115.78339,0.032533403
2157.6436,0.038693063,0.00087712,3020.667,2903.7883,743.5978,0.006487992,2018.6742,199.26051,2.6494875,116.87885,0.030879727
2175.7976,0.038728792,0.0008566567,3046.2908,2928.3113,750.0055,0.0061244094,2039.1969,198.26942,2.609625,117.97916,0.029961508
2194.0688,0.038764313,0.0008366398,3072.0056,2952.9214,756.38226,0.0060155615,2059.8953,197.28105,2.570162,119.08418,0.02931069
2212.4119,0.03879962,0.00081707415,3097.8086,2977.6147,762.77,0.005911931,2080.7043,196.29755,2.5311391,120.1938,0.028677395
2230.8135,0.038834736,0.0007979507,3123.6936,3002.386,769.1767,0.00581537,2101.609,195.3188,2.4925537,121.30782,0.02806322
2249.2737,0.03886965,0.00077926076,3149.66,3027.234,775.6011,0.005727654,2122.61,194.34496,2.4544065,122.42618,0.027469646
2267.793,0.038904354,0.0007609923,3175.7092,3052.1604,782.0446,0.005654343,2143.7068,193.37572,2.4166903,123.54891,0.026901942
2286.3687,0.038938873,0.00074313645,3201.8376,3077.1619,788.5065,0.005591172,2164.8975,192.41124,2.3794024,124.67596,0.026355626
2305.0017,0.03897319,0.0007256859,3228.0466,3102.2393,794.9863,0.0055359597,2186.1829,191.45146,2.342548,125.80728,0.025828257
2323.6892,0.039007317,0.00070863235,3254.331,3127.3884,801.48315,0.005490339,2207.56,190.4965,2.3061242,126.942726,0.025321247
2342.432,0.039041255,0.0006919664,3280.6936,3152.6108,807.99786,0.005450308,2229.029,189.54622,2.2701297,128.0824,0.024830304
2361.2297,0.039075006,0.0006756782,3307.133,3177.9065,814.5297,0.0054193563,2250.5908,188.60056,2.2345576,129.22624,0.024358686
2380.0676,0.039108567,0.00065980223,3333.6492,3203.275,821.0935,0.0046923636,2272.2273,187.66647,2.199549,130.37424,0.023201056
2398.949,0.039141946,0.0006443093,3360.237,3228.711,827.68176,0.0035650916,2293.9417,186.74117,2.165032,131.52623,0.021652946
2417.8716,0.039175134,0.00062914426,3386.8965,3254.2146,834.29565,0.0028899128,2315.7356,185.81615,2.1308465,132.68213,0.020566508
2436.8423,0.039208133,0.0006143061,3413.6345,3279.7922,840.9354,0.0025734496,2337.6196,184.8922,2.0970166,133.84224,0.019848103
2455.8674,0.039240934,0.0005998024,3440.451,3305.4443,847.59406,0.0023312469,2359.5986,183.9722,2.0635908,135.0065,0.019213114
2474.926,0.03927356,0.0005856238,3467.3452,3331.1702,854.2934,0.0022211734,2381.65,183.05548,2.0305595,136.17499,0.018719183
2494.0076,0.039305992,0.0005717626,3494.3171,3356.9697,861.04266,0.0022321325,2403.766,182.14206,1.9979199,137.34761,0.018354999
2513.1628,0.03933825,0.00055822724,3521.36,3382.836,867.7849,0.0020911538,2426.016,181.23477,1.9657191,138.52414,0.017847402
2532.391,0.039370317,0.0005449967,3548.4727,3408.7683,874.519,0.0020659606,2448.3862,180.33087,1.933906,139.7045,0.01746396
2551.6675,0.039402213,0.0005320687,3575.6533,3434.7646,881.26953,0.002054095,2470.841,179.43138,1.9024934,140.88866,0.017101994
2570.9946,0.039433923,0.00051943713,3602.906,3460.8296,888.0371,0.002056741,2493.3835,178.53618,1.8714831,142.0767,0.016762476
2590.3684,0.03946546,0.000507095,3630.224,3486.9558,894.8188,0.0020653636,2516.0093,177.64539,1.8408687,143.26848,0.016436731
2609.7913,0.039496824,0.00049503514,3657.6116,3513.1472,901.6168,0.0020892762,2538.7205,176.75882,1.8106462,144.46404,0.01613385
2629.2573,0.039528005,0.00048325426,3685.0613,3539.3982,908.42993,0.0021216674,2561.5115,175.87666,1.7808216,145.66312,0.015846912
2648.7722,0.039559018,0.00047174405,3712.579,3565.7134,915.2591,0.0021529098,2584.3872,174.99884,1.7513871,146.86598,0.015566069
2668.3306,0.039589856,0.00046049812,3740.1587,3592.0864,922.10156,0.002199878,2607.3425,174.12526,1.7223362,148.07234,0.0153080635
2687.9343,0.03962053,0.00044951204,3767.802,3618.5198,928.95874,0.0022498802,2630.3794,173.25603,1.6936723,149.28232,0.015060027
2707.5818,0.039651033,0.00043877884,3795.508,3645.012,935.8308,0.002305765,2653.4956,172.391,1.6653886,150.4958,0.01482465
2727.2737,0.03968137,0.00042829404,3823.2761,3671.563,942.71716,0.0023628525,2676.6921,171.53027,1.6374863,151.71284,0.014597086
2747.006,0.039711535,0.00041805182,3851.102,3698.1692,949.6172,0.002432755,2699.964,170.67374,1.6099602,152.93318,0.014388834
2766.7837,0.039741527,0.0004080445,3878.9917,3724.835,956.53125,0.0025005145,2723.317,169.82133,1.5828012,154.15704,0.014184715
2786.601,0.03977136,0.0003982704,3906.9377,3751.553,963.4581,0.00258045,2746.745,168.97316,1.5560176,155.38422,0.013999
2806.4604,0.039801024,0.00038872153,3934.9429,3778.3281,970.3989,0.0026565446,2770.2498,168.12915,1.529597,156.61476,0.013815452
2826.3606,0.03983052,0.00037939506,3963.0054,3805.1565,977.35284,0.0027358597,2793.83,167.28934,1.5035448,157.84856,0.0136410445
2846.302,0.039859865,0.00037028384,3991.1272,3832.0413,984.3204,0.002819588,2817.487,166.45357,1.4778497,159.08578,0.013476797
2866.2795,0.03988904,0.00036138532,4019.2993,3858.9736,991.2994,0.002908879,2841.2139,165.62193,1.4525158,160.326,0.013323773
2886.2974,0.039918065,0.000352693,4047.5293,3885.9597,998.2919,0.0029954016,2865.0164,164.79445,1.4275353,161.56953,0.013173479
2906.3516,0.039946925,0.00034420314,4075.8096,3912.9937,1005.2953,0.0030884803,2888.8882,163.97102,1.4029065,162.81606,0.013035141
2926.4443,0.039975625,0.0003359109,4104.145,3940.079,1012.311,0.0031799502,2912.8335,163.15164,1.3786271,164.06577,0.012900447
2946.5757,0.040004168,0.00032781163,4132.5347,3967.2163,1019.3399,0.0032749749,2936.8516,162.33629,1.354693,165.31862,0.012774439
2966.71,0.040032547,0.0003199022,4160.972,3994.3975,1026.4102,0.0033720809,2960.8938,161.525,1.3311042,166.57431,0.012655558
2986.8755,0.040060766,0.00031217592,4189.4604,4021.6277,1033.4967,0.0034774086,2984.9995,160.71758,1.3078487,167.833,0.0125497915
3007.0764,0.040088844,0.00030463148,4217.9985,4048.9038,1040.594,0.0035856173,3009.1743,159.91417,1.2849351,169.0947,0.012451732
3027.3135,0.04011676,0.00029726178,4246.5894,4076.23,1047.705,0.0036915687,3033.4185,159.11469,1.2623488,170.3594,0.012356072
3047.5664,0.04014453,0.0002900774,4275.2246,4103.598,1054.8411,0.003474766,3057.7117,158.32317,1.240146,171.62688,0.011942262
3067.8523,0.04017214,0.00028306295,4303.9106,4131.013,1061.9915,0.0032291412,3082.071,157.53606,1.2182776,172.8973,0.011504104
3088.1697,0.040199593,0.00027621214,4332.6416,4158.4717,1069.1531,0.0029985134,3106.4956,156.75278,1.1967282,174.17043,0.0110853305
3108.521,0.0402269,0.0002695209,4361.4214,4185.975,1076.3259,0.0027824508,3130.9868,155.97316,1.1754943,175.44646,0.010685384
3128.9048,0.040254056,0.0002629859,4390.2476,4213.5225,1083.5098,0.0025874497,3155.5432,155.19725,1.1545732,176.72528,0.010310674
3149.3743,0.040281054,0.00025661374,4419.117,4241.1104,1090.6481,0.002128291,3180.2417,154.42865,1.1340061,178.0067,0.009675899
3169.882,0.0403079,0.00025038753,4448.027,4268.7363,1097.7858,0.001806317,3205.0247,153.66228,1.1137304,179.29063,0.0091823125
3190.4023,0.040334594,0.0002442991,4476.977,4296.4004,1104.9478,0.0017073494,3229.8533,152.8968,1.0937215,180.57706,0.008915622
3210.9539,0.040361132,0.00023835449,4505.9697,4324.1045,1112.1195,0.0016127654,3254.7424,152.13513,1.0740181,181.86604,0.008657127
3231.5308,0.040387526,0.00023254986,4534.9985,4351.8413,1119.2983,0.0015192055,3279.6887,151.37726,1.0546134,183.15736,0.008403381
3252.134,0.040413767,0.00022688224,4564.065,4379.6143,1126.4867,0.0014341482,3304.693,150.62312,1.0355053,184.45105,0.00816179
3272.7634,0.040439855,0.00022134898,4593.167,4407.4204,1133.6815,0.0013499529,3329.753,149.87282,1.0166929,185.74702,0.007924636
3293.4187,0.040465806,0.00021594565,4622.307,4435.2617,1140.8853,0.0012738934,3354.8699,149.12614,0.9981671,187.04538,0.0076990826
3314.0996,0.04049161,0.00021066994,4651.4834,4463.137,1148.0975,0.0012016047,3380.0432,148.38304,0.9799277,188.34605,0.007480688
3334.8088,0.04051727,0.00020551846,4680.6978,4491.049,1155.3171,0.0011329794,3405.274,147.64366,0.9619699,189.64912,0.007269278
3355.5378,0.04054278,0.00020049018,4709.9414,4518.9873,1162.5433,0.0010699137,3430.555,146.90797,0.944297,190.95412,0.0070666983
3376.2336,0.040568147,0.00019557266,4739.2173,4546.956,1169.8334,0.0012775573,3455.822,146.17221,0.92686135,192.26128,0.0071380055
3396.9438,0.040593386,0.00019076846,4768.535,4574.9644,1177.1477,0.0015549281,3481.1326,145.43889,0.90968627,193.57098,0.0072821123
3417.6802,0.04061848,0.00018607895,4797.8906,4603.008,1184.4713,0.0018359297,3506.5017,144.70914,0.8927865,194.88304,0.0074328855
3438.438,0.04064343,0.00018150045,4827.279,4631.0815,1191.8029,0.0021220888,3531.9243,143.98283,0.87615323,196.19717,0.0075917793
3459.2188,0.04066824,0.00017703454,4856.698,4659.185,1199.1418,0.00230323,3557.391,143.26166,0.8598033,197.51337,0.0076485607
3480.026,0.04069291,0.0001726784,4886.154,4687.322,1206.4868,0.002366041,3582.9072,142.54579,0.8437332,198.8318,0.0075898403
3500.8574,0.040717445,0.0001684248,4915.646,4715.4937,1213.8412,0.0024464664,3608.4792,141.8331,0.8279166,200.15254,0.0075514806
3521.71,0.040741853,0.00016427255,4945.1685,4743.6934,1221.2041,0.0025285536,3634.1025,141.12389,0.81235546,201.47533,0.007517487
3542.5813,0.04076613,0.0001602199,4974.7188,4771.919,1228.5732,0.0026183343,3659.7744,140.41817,0.79704905,202.80005,0.0074938345
3563.4846,0.040790267,0.0001562675,5004.299,4800.1724,1235.9377,0.002570522,3685.5059,139.71802,0.78200924,204.12668,0.0073351683
3584.4136,0.04081427,0.00015241174,5033.906,4828.4507,1243.3011,0.0024481355,3711.2903,139.02254,0.7672264,205.45518,0.0071044494
3605.3584,0.040838152,0.00014864832,5063.535,4856.75,1250.6698,0.0023310892,3737.118,138.33052,0.752686,206.78543,0.00688154
3626.3203,0.04086189,0.0001449745,5093.1895,4885.0723,1258.0437,0.002222556,3762.9893,137.6418,0.73838264,208.11736,0.00666954
3647.3,0.040885493,0.00014138855,5122.869,4913.4185,1265.4235,0.0021189759,3788.906,136.95644,0.7243151,209.45105,0.006464843
3668.2974,0.040908974,0.00013788792,5152.5747,4941.788,1272.8097,0.002020201,3814.867,136.27435,0.7104779,210.78654,0.006267243
3689.3047,0.040932316,0.00013447205,5182.2954,4970.1724,1280.1992,0.0019277,3840.8652,135.59578,0.6968739,212.12335,0.00607818
3710.3315,0.04095554,0.0001311373,5212.0435,4998.5815,1287.5941,0.0018373269,3866.909,134.92043,0.6834933,213.46205,0.005893421
3731.3667,0.04097863,0.00012788283,5241.8076,5027.006,1294.996,0.0017568005,3892.9854,134.24835,0.6703372,214.8021,0.005720664
3752.4062,0.04100158,0.00012470626,5271.5923,5055.4487,1302.412,0.0016811718,3919.09,133.57959,0.6574006,216.14362,0.0055549024
3773.4624,0.041024406,0.00012160449,5301.4053,5083.9185,1309.8379,0.001674189,3945.2346,132.91298,0.6446747,217.487,0.0054598283
3794.5164,0.041047096,0.00011857448,5331.2285,5112.3975,1317.2748,0.0018210876,3971.3877,132.24724,0.6321476,218.83147,0.005520663
3815.5833,0.041069668,0.000115617186,5361.072,5140.894,1324.7164,0.0019640108,3997.5789,131.58473,0.61983204,220.17744,0.0055794637
3836.663,0.04109211,0.000112731046,5390.9326,5169.4077,1332.1617,0.0021066077,4023.8066,130.92546,0.60772544,221.5248,0.0056398534
3857.751,0.041114423,0.00010991526,5420.805,5197.932,1339.61,0.0022431102,4050.0674,130.26959,0.5958292,222.87329,0.005696025
3878.8499,0.04113663,0.00010716714,5450.695,5226.471,1347.0616,0.0023778419,4076.364,129.6169,0.5841354,224.22322,0.005752245
3899.962,0.041158702,0.000104485436,5480.6035,5255.0293,1354.5182,0.0025073285,4102.6978,128.96738,0.5726432,225.57452,0.0058049927
3921.08,0.04118065,0.000101868776,5510.521,5283.594,1361.9762,0.002635071,4129.0615,128.32114,0.56135005,226.92683,0.005857749
3942.2073,0.04120249,9.931561e-05,5540.4526,5312.172,1369.4373,0.0027590324,4155.457,127.67808,0.55025345,228.28043,0.005908428
3963.3418,0.041224204,9.682423e-05,5570.395,5340.7603,1376.9016,0.002881233,4181.884,127.03816,0.5393492,229.6351,0.005959007
3984.4797,0.041245796,9.439381e-05,5600.342,5369.351,1384.3644,0.0029977567,4208.3364,126.4016,0.5286376,230.99055,0.0060055503
4005.6233,0.04126727,9.2022514e-05,5630.2983,5397.9517,1391.8317,0.0031087406,4234.818,125.76826,0.5181142,232.34705,0.006048144
4026.7983,0.041288625,8.971306e-05,5660.266,5426.562,1399.2766,0.0030237276,4261.348,125.14164,0.50779986,233.7046,0.00589629
4047.976,0.041309867,8.74606e-05,5690.237,5455.174,1406.7203,0.0029255683,4287.9053,124.5186,0.4976715,235.06294,0.0057328236
4069.1604,0.04133098,8.526291e-05,5720.2163,5483.7935,1414.1663,0.002831377,4314.4883,123.898605,0.48772225,236.42212,0.00557481
4090.3452,0.041351985,8.3118604e-05,5750.198,5512.416,1421.6129,0.0027392292,4341.096,123.281654,0.4779485,237.7821,0.0054202867
4111.5415,0.041372877,8.102618e-05,5780.1934,5541.05,1429.06,0.0026526458,4367.735,122.66759,0.46834698,239.14323,0.0052727354
4132.7393,0.041393638,7.898475e-05,5810.1934,5569.6885,1436.5094,0.0025679383,4394.3965,122.05662,0.45891666,240.50504,0.005128448
4153.933,0.041414294,7.699367e-05,5840.189,5598.321,1443.9569,0.00248509,4421.076,121.4488,0.44965753,241.86728,0.0049873865
4175.1353,0.04143482,7.5050724e-05,5870.1943,5626.9644,1451.4061,0.0024091408,4447.7837,120.84379,0.44056234,243.23045,0.004854538
4196.34,0.041455243,7.3155046e-05,5900.2046,5655.61,1458.8562,0.002335934,4474.5156,120.24176,0.43162975,244.5944,0.0047257203
4217.5405,0.041475553,7.130631e-05,5930.2095,5684.2505,1466.3048,0.0022626722,4501.2637,119.64285,0.4228614,245.95871,0.004598123
4238.7417,0.041495737,6.9502814e-05,5960.215,5712.891,1473.752,0.0021953292,4528.029,119.04683,0.41425171,247.32352,0.0044776816
4259.946,0.041515812,6.774331e-05,5990.2246,5741.5356,1481.2006,0.002129957,4554.82,118.45372,0.40579766,248.68904,0.0043604104
4281.145,0.04153578,6.6027e-05,6020.2285,5770.1743,1488.6477,0.0020680786,4581.6245,117.863594,0.39749765,250.05489,0.0042478214
4302.345,0.041555632,6.435287e-05,6050.2334,5798.812,1496.0935,0.0020080353,4608.448,117.27631,0.38934988,251.42126,0.0041382145
4323.542,0.041575372,6.271996e-05,6080.233,5827.446,1503.5382,0.0019502871,4635.289,116.692055,0.38135198,252.78798,0.0040320363
4344.7363,0.041595004,6.112726e-05,6110.2314,5856.077,1510.9823,0.0018947675,4662.1445,116.11066,0.37350172,254.1551,0.003929187
4365.9307,0.041614518,5.9573365e-05,6140.229,5884.7065,1518.4249,0.0018423806,4689.0195,115.53199,0.3657941,255.52266,0.0038305377
4387.124,0.041633934,5.8057663e-05,6170.2246,5913.334,1525.8667,0.0017930228,4715.9116,114.95614,0.35822883,256.89072,0.0037359654
4408.3105,0.04165323,5.6579684e-05,6200.2114,5941.953,1533.3064,0.0017427906,4742.8135,114.38331,0.350806,258.25885,0.0036415567
4429.4907,0.041672416,5.513819e-05,6230.189,5970.562,1540.7423,0.0016983018,4769.727,113.81326,0.34352136,259.62704,0.0035538988
4450.671,0.041691497,5.3731856e-05,6260.1675,5999.172,1548.1786,0.0016547024,4796.659,113.2459,0.33637044,260.99576,0.0034681
4471.8467,0.041710474,5.2360363e-05,6290.14,6027.7754,1555.6132,0.0016128963,4823.604,112.68136,0.32935402,262.36475,0.0033850558
4493.0103,0.041729335,5.1023148e-05,6320.0957,6056.3623,1563.043,0.0015737234,4850.5513,112.11971,0.3224712,263.7334,0.0033055905
4514.168,0.04174809,4.9718874e-05,6350.042,6084.939,1570.4688,0.0015366338,4877.5117,111.56083,0.31571695,265.10214,0.0032291254
4535.325,0.041766755,4.8446782e-05,6379.9883,6113.517,1577.896,0.0014993981,4904.4873,111.00463,0.30908993,266.4714,0.0031533998
4556.473,0.041785304,4.720609e-05,6409.9233,6142.083,1585.3197,0.0014641669,4931.469,110.45113,0.30258742,267.84058,0.003080551
4577.6104,0.04180375,4.599644e-05,6439.8423,6170.6323,1592.7377,0.0014296236,4958.4565,109.90052,0.2962098,269.20953,0.0030092557
4598.743,0.041822094,4.4816687e-05,6469.755,6199.176,1600.1549,0.0013982167,4985.4556,109.35255,0.28995296,270.57867,0.002941927
4619.8613,0.041840333,4.366652e-05,6499.6465,6227.6987,1607.5652,0.0013669921,5012.455,108.80739,0.28381693,271.94736,0.0028756035
4640.9756,0.041858472,4.2544812e-05,6529.532,6256.216,1614.9744,0.0013387393,5039.4653,108.26482,0.27779773,273.31625,0.002813045
4662.076,0.041876506,4.1451112e-05,6559.401,6284.7163,1622.3799,0.0013105958,5066.4766,107.725,0.27189445,274.68478,0.0027513802
4683.1724,0.041894436,4.038443e-05,6589.2617,6313.209,1629.7815,0.0012837233,5093.499,107.18776,0.26610363,276.0534,0.0026917409
4704.2505,0.041912265,3.9344675e-05,6619.1074,6341.686,1637.1858,0.0012376427,5120.518,106.6537,0.26042664,277.42178,0.00261364
4725.306,0.041930005,3.8331495e-05,6648.9326,6370.1426,1644.5928,0.0011733283,5147.5303,106.122986,0.25486353,278.78976,0.0025180394
4746.3584,0.041947633,3.7343398e-05,6678.7534,6398.5957,1651.9985,0.0011173371,5174.5586,105.59467,0.24940734,280.1579,0.0024314707
4767.369,0.041965168,3.6379766e-05,6708.5547,6427.0293,1659.4271,0.0010865947,5201.5327,105.068405,0.24405567,281.52563,0.002370852
4788.354,0.041982595,3.5439913e-05,6738.3433,6455.4507,1666.8676,0.0010671358,5228.4727,104.544395,0.2388063,282.89313,0.0023221897
4809.3228,0.04199993,3.452371e-05,6768.109,6483.849,1674.3024,0.0010434528,5255.405,104.02309,0.23366022,284.2601,0.002269968
4830.2656,0.04201716,3.3630695e-05,6797.8374,6512.212,1681.7267,0.0010195354,5282.319,103.50456,0.22861601,285.62585,0.0022181685
4851.196,0.04203431,3.276006e-05,6827.5483,6540.557,1689.147,0.0009930516,5309.2305,102.98867,0.2236709,286.99127,0.0021644332
4872.14,0.042051353,3.191173e-05,6857.2285,6568.8726,1696.5231,0.0009439594,5336.18,102.47608,0.21882604,288.35574,0.0020887125
4893.0894,0.0420683,3.1084626e-05,6886.9004,6597.1797,1703.885,0.0008909872,5363.1523,101.96608,0.21407671,289.72018,0.0020097112
4914.025,0.04208516,3.0278205e-05,6916.5547,6625.47,1711.2448,0.000842052,5390.127,101.4585,0.20942084,291.0843,0.0019353372
4934.9463,0.04210192,2.949215e-05,6946.188,6653.7397,1718.5975,0.0007963691,5417.097,100.95347,0.204858,292.44785,0.0018647967
4955.8535,0.042118583,2.8725686e-05,6975.802,6681.9907,1725.9452,0.00075319054,5444.069,100.45083,0.2003847,293.81088,0.0017973211
4976.746,0.042135157,2.7978544e-05,7005.3945,6710.2217,1733.288,0.00071364915,5471.0366,99.95057,0.19600074,295.1734,0.0017340352
4997.607,0.042151634,2.7250466e-05,7034.9614,6738.4263,1740.6351,0.00067162275,5497.9727,99.45307,0.19170596,296.5351,0.00166881
5018.4497,0.042168014,2.6540623e-05,7064.511,6766.615,1747.986,0.00062844175,5524.895,98.95798,0.18749653,297.8964,0.0016029513
5039.264,0.042184297,2.5849042e-05,7094.0337,6794.7773,1755.3374,0.000565733,5551.7974,98.466034,0.18337399,299.25684,0.0015180814
5060.0605,0.0422005,2.5174946e-05,7123.5337,6822.9165,1762.6841,0.00050893746,5578.6963,97.976494,0.17933458,300.61667,0.0014396325
5080.847,0.0422166,2.451779e-05,7153.019,6851.043,1770.0277,0.0004561348,5605.599,97.48921,0.17537622,301.97614,0.0013656644
5101.618,0.042232625,2.3877179e-05,7182.4834,6879.1484,1777.3657,0.000408816,5632.5005,97.00423,0.17149745,303.33514,0.0012976609
5122.3677,0.042248555,2.3252922e-05,7211.9185,6907.2256,1784.6973,0.00036459503,5659.3887,96.52166,0.16769817,304.6931,0.0012332285
5143.1064,0.04226439,2.2644275e-05,7241.3384,6935.2876,1792.0238,0.000323352,5686.281,96.04129,0.16397488,306.05078,0.0011722288
5163.813,0.042280138,2.2051438e-05,7270.7134,6963.3066,1799.34,0.00028627992,5713.1475,95.56355,0.16032968,307.40677,0.0011158617
5184.514,0.04229579,2.1473297e-05,7300.081,6991.318,1806.6538,0.0002519169,5740.022,95.08784,0.1567568,308.7627,0.0010626309
5205.1846,0.042311363,2.0910038e-05,7329.4067,7019.2896,1813.958,0.0002191571,5766.8745,94.614655,0.15325816,310.11716,0.0010114394
5225.8384,0.042326838,2.0361033e-05,7358.7085,7047.238,1821.2559,0.00018918158,5793.7188,94.14369,0.1498309,311.47086,0.0009634478
5246.4717,0.042342234,1.9826024e-05,7387.9805,7075.1562,1828.5447,0.00016042274,5820.551,93.67507,0.14647427,312.8236,0.0009170835
5267.0757,0.042357538,1.930479e-05,7417.212,7103.037,1835.824,0.00013356093,5847.3604,93.20886,0.14318773,314.17484,0.00087302155
5287.665,0.042372756,1.879669e-05,7446.4243,7130.898,1843.0989,0.000108055465,5874.167,92.74484,0.13996813,315.5255,0.00083070213
5308.234,0.04238789,1.8301516e-05,7475.606,7158.731,1850.366,8.4551706e-05,5900.9595,92.28304,0.13681492,316.87518,0.00079076464
5328.776,0.042402934,1.7819062e-05,7504.75,7186.5264,1857.6222,6.22926e-05,5927.731,91.823586,0.1337276,318.2234,0.0007524482
5349.288,0.042417895,1.7349103e-05,7533.853,7214.283,1864.8705,4.1236148e-05,5954.48,91.36657,0.1307056,319.5702,0.0007157046
5369.7803,0.042432774,1.6891017e-05,7562.928,7242.0117,1872.1097,2.1340675e-05,5981.2153,90.91167,0.12774554,320.91602,0.00068047486
5390.25,0.042447563,1.6444692e-05,7591.9707,7269.71,1879.3403,3.2082896e-06,6007.9365,90.459,0.12484762,322.26065,0.00064735673
5410.6914,0.042462274,1.6009708e-05,7620.974,7297.37,1886.5619,0.0,6034.6333,90.00809,0.12200956,323.6039,0.0006295059
5431.1196,0.042476904,1.5585656e-05,7649.9585,7325.0117,1893.7783,0.0,6061.3237,89.559074,0.11922962,324.94656,0.00061518967
5451.507,0.042491447,1.5172771e-05,7678.8853,7352.598,1900.9796,0.0,6087.9814,89.11258,0.11650996,326.28693,0.00060120766
5471.8677,0.042505905,1.4770469e-05,7707.776,7380.1504,1908.1735,0.0,6114.6143,88.6683,0.113847464,327.626,0.0005875423
5492.2217,0.042520292,1.4378206e-05,7736.6553,7407.691,1915.3632,0.0,6141.2485,88.22586,0.11123923,328.96484,0.0005741777
5512.539,0.042534597,1.3996236e-05,7765.4844,7435.183,1922.5397,0.0,6167.8516,87.78586,0.10868754,330.30176,0.00056112255
5532.837,0.042548813,1.3623977e-05,7794.285,7462.647,1929.7084,0.0,6194.44,87.34787,0.106189154,331.63754,0.00054835994
5553.1104,0.04256296,1.326126e-05,7823.0513,7490.079,1936.8702,0.0,6221.007,86.912,0.10374352,332.97226,0.0005358851
5573.3555,0.042577017,1.2907977e-05,7851.779,7517.473,1944.0209,0.0,6247.5522,86.478355,0.10135058,334.3053,0.000523696
5593.563,0.04259101,1.2563928e-05,7880.452,7544.8154,1951.1577,0.0,6274.0605,86.04703,0.09900943,335.6364,0.00051178754
5613.7344,0.04260491,1.2228968e-05,7909.075,7572.11,1958.2837,0.0,6300.5396,85.618065,0.09671984,336.96545,0.00050015666
5633.8794,0.04261873,1.1902606e-05,7937.661,7599.3677,1965.3978,0.0,6326.9946,85.191185,0.09447885,338.29303,0.00048878766
5653.998,0.042632475,1.1584671e-05,7966.209,7626.59,1972.503,0.0,6353.4263,84.76637,0.09228591,339.6192,0.00047767628
5674.084,0.042646144,1.12750595e-05,7994.711,7653.767,1979.597,0.0,6379.826,84.343796,0.09014084,340.9436,0.00046682009
5694.154,0.04265973,1.0973269e-05,8023.1904,7680.9233,1986.6854,0.0,6406.2173,83.92305,0.08804062,342.26715,0.0004562033
5714.1797,0.042673245,1.0679512e-05,8051.6074,7708.0195,1993.7582,0.0,6432.5645,83.50466,0.08598725,343.5882,0.0004458347
5734.181,0.042686686,1.0393348e-05,8079.9897,7735.082,2000.8208,0.0,6458.892,83.08828,0.083978154,344.908,0.00043570015
5754.1504,0.042700045,1.0114607e-05,8108.328,7762.102,2007.8732,0.0,6485.189,82.67395,0.08201256,346.22598,0.0004257951
5774.0884,0.042713337,9.843178e-06,8136.621,7789.078,2014.9131,0.0,6511.457,82.261765,0.08009021,347.5422,0.00041611728
5794.006,0.042726547,9.578628e-06,8164.886,7816.0293,2021.9484,0.0,6537.707,81.85135,0.0782084,348.8574,0.00040665315
5813.8794,0.042739693,9.321156e-06,8193.09,7842.919,2028.9668,0.0,6563.9155,81.44327,0.07636906,350.1701,0.00039741
5833.7314,0.042752754,9.070328e-06,8221.259,7869.7783,2035.9755,0.0,6590.1025,81.03709,0.074569516,351.48148,0.00038837397
5853.549,0.042765748,8.8260185e-06,8249.383,7896.593,2042.9741,0.0,6616.257,80.63288,0.07280921,352.79105,0.00037954267
5873.334,0.04277866,8.588141e-06,8277.46,7923.362,2049.9602,0.0,6642.3794,80.23076,0.071088,354.0987,0.00037091362
5893.0806,0.042791512,8.356569e-06,8305.484,7950.08,2056.933,0.0,6668.4653,79.83077,0.069405355,355.4042,0.00036248355
5912.807,0.04280429,8.130901e-06,8333.4795,7976.7705,2063.8984,0.0,6694.5312,79.432495,0.06775869,356.70865,0.00035423925
5932.482,0.04281699,7.911333e-06,8361.401,8003.3916,2070.8457,0.0,6720.5483,79.03656,0.06614983,358.01004,0.00034618942
5952.1323,0.042829625,7.697463e-06,8389.288,8029.978,2077.7837,0.0,6746.5386,78.64249,0.06457624,359.31006,0.0003383203
5971.7466,0.04284218,7.489209e-06,8417.123,8056.515,2084.708,0.0,6772.494,78.25036,0.0630376,360.6079,0.00033063005
5991.3257,0.042854667,7.2864505e-06,8444.91,8083.0063,2091.6216,0.0,6798.4146,77.860275,0.061533418,361.90384,0.0003231158
6010.8906,0.042867083,7.0888386e-06,8472.677,8109.4775,2098.5298,0.0,6824.3213,77.47174,0.060061444,363.19894,0.00031576506
6030.4067,0.042879432,6.8965546e-06,8500.374,8135.882,2105.4185,0.0,6850.179,77.08538,0.058623288,364.49118,0.00030858605
6049.9,0.04289171,6.7092155e-06,8528.039,8162.2563,2112.3015,0.0,6876.0156,76.70074,0.057216447,365.7822,0.00030156618
6069.341,0.042903904,6.527021e-06,8555.629,8188.559,2119.1648,0.0,6901.796,76.318436,0.055842765,367.0699,0.0002947139
6088.7466,0.042916037,6.3496254e-06,8583.17,8214.813,2126.0151,0.0,6927.5376,75.93801,0.05449991,368.3556,0.00028801645
6108.112,0.042928103,6.1769197e-06,8610.655,8241.016,2132.853,0.0,6953.2397,75.5595,0.05318733,369.6391,0.00028147176
6127.4673,0.042940103,6.00858e-06,8638.124,8267.203,2139.6863,0.0,6978.935,75.182465,0.051902864,370.92197,0.00027506842
6146.7837,0.04295204,5.84478e-06,8665.53,8293.327,2146.4954,0.0,7004.5835,74.80747,0.050648116,372.2022,0.0002688139
6166.0977,0.042963903,5.6852086e-06,8692.9,8319.42,2153.2747,0.0,7030.2188,74.43409,0.049420957,373.48096,0.00026269702
6185.365,0.042975705,5.53e-06,8720.198,8345.441,2160.0295,0.0,7055.796,74.06291,0.048222695,374.7567,0.00025672524
6204.603,0.042987436,5.3788726e-06,8747.443,8371.414,2166.765,0.0,7081.3257,73.69347,0.04705139,376.03015,0.00025088707
6223.765,0.0429991,5.2317228e-06,8774.639,8397.338,2173.5286,0.0,7106.758,73.325836,0.045906477,377.3016,0.00024518117
6242.871,0.043010697,5.088504e-06,8801.775,8423.205,2180.2915,0.0,7132.1206,72.96004,0.044787873,378.57047,0.00023960527
6261.931,0.043022223,4.949137e-06,8828.847,8449.01,2187.0366,0.0,7157.4326,72.5962,0.043695167,379.8366,0.00023415795
6280.946,0.04303369,4.813545e-06,8855.854,8474.753,2193.7666,0.0,7182.697,72.234375,0.042628046,381.10004,0.00022883732
6299.928,0.0430451,4.6814434e-06,8882.823,8500.461,2200.4927,0.0,7207.9517,71.874016,0.041584436,382.362,0.00022363293
6318.8643,0.043056443,4.552991e-06,8909.728,8526.106,2207.203,0.0,7233.16,71.51581,0.040565908,383.62115,0.00021855185
6337.781,0.04306771,4.4278995e-06,8936.598,8551.72,2213.9001,0.0,7258.3467,71.159225,0.039570354,384.87875,0.0002135838
6356.6963,0.04307892,4.3061023e-06,8963.432,8577.297,2220.564,0.0,7283.4985,70.80427,0.038597453,386.135,0.00020872688
6375.578,0.043090075,4.187557e-06,8990.22,8602.831,2227.2166,0.0,7308.62,70.45107,0.03764706,387.38928,0.00020398022
6394.429,0.04310116,4.0721893e-06,9016.964,8628.321,2233.8572,0.0,7333.714,70.09968,0.036718782,388.6416,0.0001993419
6413.2354,0.04311219,3.959949e-06,9043.6455,8653.754,2240.4841,0.0,7358.7607,69.75016,0.035812374,389.89136,0.0001948107
6431.9946,0.04312315,3.850761e-06,9070.261,8679.123,2247.0952,2.1057642e-06,7383.758,69.402405,0.03492741,391.1382,0.0001924908
6450.74,0.043134037,3.7443378e-06,9096.856,8704.473,2253.7,9.9372955e-06,7408.7456,69.0555,0.034061704,392.38416,0.00019599243
6469.4067,0.04314487,3.6408921e-06,9123.373,8729.747,2260.308,1.4834106e-05,7433.632,68.71091,0.033217218,393.62677,0.00019666215
6488.0337,0.04315565,3.540178e-06,9149.845,8754.978,2266.913,1.7915781e-05,7458.465,68.367966,0.03239208,394.86752,0.00019561006
6506.631,0.043166365,3.4421098e-06,9176.274,8780.168,2273.507,2.0795604e-05,7483.265,68.02654,0.031585746,396.1064,0.00019444778
6525.1885,0.04317702,3.3466558e-06,9202.647,8805.305,2280.0867,2.3269991e-05,7508.019,67.68673,0.030798094,397.3429,0.00019297087
6543.71,0.04318761,3.2537696e-06,9228.968,8830.391,2286.6523,2.535947e-05,7532.7285,67.34863,0.030028934,398.57703,0.00019119849
6562.191,0.043198146,3.1633622e-06,9255.221,8855.412,2293.1929,3.14172e-05,7557.3936,67.011856,0.029277615,399.80835,0.0001934827
6580.633,0.04320862,3.075407e-06,9281.409,8880.372,2299.7117,4.047084e-05,7582.0015,66.67658,0.02854411,401.03683,0.00019885007
6599.027,0.04321903,2.9898847e-06,9307.526,8905.264,2306.2104,4.901585e-05,7606.555,66.343216,0.027828429,402.26224,0.00020379497
6617.3643,0.04322939,2.9067378e-06,9333.563,8930.079,2312.6892,5.7198537e-05,7631.0454,66.01178,0.027130224,403.48425,0.00020846217
6635.6807,0.043239683,2.8257455e-06,9359.572,8954.867,2319.1614,6.502695e-05,7655.5073,65.68161,0.026447771,404.70496,0.000212851
6653.975,0.043249924,2.7468634e-06,9385.55,8979.625,2325.6252,7.25106e-05,7679.9507,65.35277,0.025780825,405.92432,0.0002169698
6672.2007,0.0432601,2.6702419e-06,9411.43,9004.29,2332.0652,7.990293e-05,7704.3115,65.02603,0.025130793,407.13934,0.00022107884
6690.3926,0.04327022,2.5956517e-06,9437.261,9028.908,2338.492,8.67259e-05,7728.635,64.70081,0.024495842,408.35233,0.0002246915
6708.5547,0.04328029,2.5230652e-06,9463.051,9053.487,2344.9102,9.311912e-05,7752.9253,64.37706,0.023875896,409.56354,0.00022794619
6726.672,0.043290295,2.4524347e-06,9488.776,9078.004,2351.31,9.960534e-05,7777.163,64.05486,0.023270603,410.77188,0.00023136479
6744.7495,0.043300245,2.3837335e-06,9514.447,9102.469,2357.6975,0.00010561841,7801.3535,63.73432,0.022679906,411.9779,0.0002343803
6762.7754,0.043310147,2.3169237e-06,9540.044,9126.862,2364.0662,0.000111177986,7825.487,63.41549,0.022103554,413.1807,0.00023701134
6780.757,0.04331998,2.2519662e-06,9565.578,9151.197,2370.4192,0.00011662096,7849.566,63.098427,0.021541357,414.38065,0.00023959391
6798.6753,0.043329768,2.188827e-06,9591.023,9175.445,2376.75,0.00012179104,7873.5737,62.78317,0.02099309,415.5768,0.00024197077
6816.5864,0.043339502,2.127314e-06,9616.456,9199.685,2383.0776,0.00012658919,7897.572,62.46899,0.020457221,416.7724,0.0002440348
6834.4297,0.043349173,2.0675482e-06,9641.794,9223.83,2389.3816,0.0001312353,7921.49,62.15678,0.019934872,417.9638,0.00024601226
6852.2524,0.04335879,2.0093498e-06,9667.102,9247.948,2395.677,0.0001355304,7945.3853,61.845753,0.019424591,419.15384,0.00024769615
6869.9985,0.043368354,1.9528354e-06,9692.304,9271.965,2401.9475,0.00013963893,7969.1924,61.536785,0.018927474,420.33926,0.00024925728
6887.72,0.043377865,1.8978268e-06,9717.468,9295.944,2408.207,0.00014346532,7992.9683,61.22916,0.01844207,421.523,0.00025059225
6905.4077,0.043387324,1.8442906e-06,9742.585,9319.881,2414.456,0.00014715701,8016.705,60.92287,0.01796816,422.70468,0.00025184767
6923.0684,0.04339673,1.7922126e-06,9767.649,9343.766,2420.6807,0.00014910457,8040.4033,60.618195,0.017505705,423.88403,0.00025141338
6940.6904,0.043406084,1.7415551e-06,9792.658,9367.597,2426.8909,0.00015081339,8064.0522,60.314964,0.017054455,425.06097,0.00025079408
6958.2646,0.04341538,1.6922887e-06,9817.598,9391.363,2433.0825,0.00015225136,8087.641,60.01329,0.016614208,426.2347,0.00024995682
6975.7866,0.04342462,1.644392e-06,9842.465,9415.06,2439.2563,0.0001533064,8111.1685,59.71325,0.016184868,427.40527,0.00024878918
6993.2637,0.04343381,1.5978599e-06,9867.257,9438.685,2445.4053,0.0001500098,8134.6406,59.415413,0.015766494,428.57257,0.00024332147
7010.683,0.043442946,1.5526467e-06,9891.965,9462.229,2451.532,0.0001462174,8158.0425,59.11939,0.015358727,429.7361,0.0002374088
7028.095,0.043452036,1.5085818e-06,9916.664,9485.765,2457.656,0.00014238793,8181.433,58.824196,0.014960098,430.89923,0.00023150283
7045.438,0.043461066,1.4657813e-06,9941.263,9509.205,2463.7534,0.00013838294,8204.736,58.530838,0.014571718,432.05786,0.00022547093
7062.7085,0.043470044,1.4242258e-06,9965.761,9532.549,2469.8264,0.00013448314,8227.953,58.239426,0.014193494,433.21207,0.00021959328
7079.977,0.04347898,1.3837422e-06,9990.23,9555.865,2475.8752,0.0001317121,8251.166,57.948814,0.013823903,434.36502,0.00021488628
7097.1704,0.04348786,1.3444572e-06,10014.589,9579.076,2481.8928,0.00012903547,8274.288,57.660217,0.013464187,435.5131,0.00021032129
7114.3433,0.04349669,1.3062081e-06,10038.919,9602.259,2487.9028,0.00012647598,8297.385,57.372704,0.013112918,436.6597,0.00020591417
7131.484,0.043505475,1.2689819e-06,10063.201,9625.397,2493.901,0.00012371711,8320.441,57.08638,0.012770021,437.8044,0.00020134792
7148.5947,0.043514203,1.232757e-06,10087.443,9648.496,2499.8887,0.00012121557,8343.459,56.8012,0.0124353655,438.94705,0.0001970786
7165.611,0.04352288,1.1976416e-06,10111.549,9671.465,2505.8423,0.00011860168,8366.364,56.518345,0.012110013,440.0837,0.0001927424
7182.583,0.04353151,1.1634888e-06,10135.594,9694.376,2511.781,0.000116071766,8389.214,56.2368,0.0117926495,441.21768,0.00018852865
7199.5156,0.043540094,1.1302777e-06,10159.581,9717.231,2517.705,0.00011359137,8412.019,55.956604,0.011483148,442.34912,0.00018440248
7216.3975,0.043548632,1.0979928e-06,10183.499,9740.021,2523.613,0.00011106688,8434.76,55.67786,0.011181409,443.47745,0.00018026978
7233.2295,0.043557122,1.0666158e-06,10207.344,9762.742,2529.502,0.00010862587,8457.438,55.40061,0.010887315,444.60254,0.00017625766
7250.0757,0.043565553,1.0360083e-06,10231.209,9785.48,2535.3945,0.000106346175,8480.136,55.123775,0.010599617,445.72824,0.00017243743
7266.8604,0.043573935,1.0062778e-06,10254.988,9808.139,2541.2683,0.000104053936,8502.756,54.848557,0.010319367,446.85022,0.00016864085
7283.5854,0.04358227,9.774039e-07,10278.682,9830.713,2547.1184,0.00010180961,8525.303,54.57496,0.010046424,447.96826,0.00016492783
7300.2437,0.043590564,9.493706e-07,10302.28,9853.197,2552.9446,9.9724566e-05,8547.772,54.303062,0.009780682,449.08218,0.00016140929
7316.9023,0.043598816,9.220499e-07,10325.88,9875.684,2558.7727,9.75639e-05,8570.24,54.031837,0.009520977,450.19617,0.00015784401
7333.483,0.04360702,8.9553737e-07,10349.369,9898.064,2564.5732,9.5450036e-05,8592.609,53.762424,0.009268247,451.3051,0.00015435994
7350.0537,0.043615162,8.697092e-07,10372.843,9920.429,2570.3672,9.342636e-05,8614.968,53.493736,0.009021357,452.4132,0.00015099418
7366.547,0.043623265,8.4465836e-07,10396.208,9942.691,2576.1365,9.144666e-05,8637.232,53.226974,0.008781245,453.51657,0.00014770575
7383.023,0.043631323,8.202657e-07,10419.551,9964.932,2581.9001,8.9602225e-05,8659.474,52.96104,0.0085468,454.61877,0.00014458004
7399.407,0.043639336,7.9662215e-07,10442.762,9987.047,2587.6318,8.7747954e-05,8681.604,52.69717,0.0083189355,455.71518,0.00014147705
7415.7725,0.043647304,7.7360755e-07,10465.946,10009.137,2593.3557,8.597401e-05,8703.709,52.434216,0.008096535,456.81033,0.00013848105
7432.111,0.04365522,7.5121363e-07,10489.091,10031.1875,2599.0686,8.4136824e-05,8725.78,52.172276,0.007879548,457.90353,0.00013544805
7448.3447,0.043663103,7.295264e-07,10512.088,10053.098,2604.7463,8.243408e-05,8747.727,51.912544,0.0076688463,458.99036,0.00013258091
7464.5464,0.043670934,7.084317e-07,10535.041,10074.966,2610.4124,8.0761325e-05,8769.634,51.65392,0.0074633574,460.0751,0.00012976931
7480.7124,0.043678716,6.879167e-07,10557.941,10096.784,2616.065,7.916213e-05,8791.491,51.396408,0.0072629843,461.15735,0.00012705644
7496.8403,0.043686464,6.679724e-07,10580.789,10118.552,2621.705,7.756948e-05,8813.305,51.140076,0.007067675,462.2372,0.000124375
7512.8784,0.04369416,6.485842e-07,10603.569,10140.256,2627.3706,7.665502e-05,8834.988,50.884842,0.006877308,463.31406,0.00012239635
7528.848,0.043701813,6.297421e-07,10626.282,10161.895,2633.0393,7.596582e-05,8856.578,50.63083,0.006691817,464.3878,0.00012066716
7544.764,0.043709427,6.1143953e-07,10648.919,10183.461,2638.6904,7.5127384e-05,8878.1,50.378185,0.00651117,465.45813,0.000118812655
7560.63,0.043716993,5.9367164e-07,10671.474,10204.949,2644.3137,7.221035e-05,8899.522,50.127434,0.006335351,466.52472,0.00011490312
7576.4424,0.04372452,5.76419e-07,10693.954,10226.366,2649.9175,6.9537775e-05,8920.886,49.878098,0.0061641983,467.58804,0.00011126138
7592.1997,0.043731995,5.5966996e-07,10716.358,10247.71,2655.5051,6.705979e-05,8942.185,49.630215,0.0059976233,468.6477,0.000107837164
7607.9746,0.043739434,5.433278e-07,10738.784,10269.075,2661.0955,6.477746e-05,8963.503,49.382507,0.0058346796,469.7083,0.000104626255
7623.685,0.043746833,5.2748715e-07,10761.123,10290.358,2666.668,5.916126e-05,8984.741,49.137276,0.005676354,470.765,9.81039e-05
7639.319,0.043754186,5.121222e-07,10783.358,10311.541,2672.2166,5.3605876e-05,9005.885,48.893723,0.005522397,471.81708,9.166447e-05
7654.969,0.043761503,4.9713634e-07,10805.615,10332.746,2677.7717,4.8673843e-05,9027.045,48.65036,0.0053718644,472.87,8.5865286e-05
7670.545,0.04376877,4.826075e-07,10827.769,10353.851,2683.3003,4.410387e-05,9048.119,48.40871,0.0052255625,473.91815,8.0449754e-05
7686.038,0.043776006,4.685256e-07,10849.804,10374.843,2688.7996,3.981312e-05,9069.098,48.168823,0.0050834105,474.96106,7.533469e-05
7701.536,0.043783184,4.5480093e-07,10871.851,10395.846,2694.3044,3.578449e-05,9090.076,47.929333,0.0049445275,476.00424,7.049794e-05
7716.9443,0.043790333,4.4150696e-07,10893.764,10416.723,2699.7732,3.2027336e-05,9110.95,47.691742,0.004809673,477.04153,6.5953434e-05
7732.3506,0.04379744,4.2855513e-07,10915.679,10437.602,2705.246,2.8417977e-05,9131.818,47.454662,0.0046779704,478.0788,6.157243e-05
7747.752,0.043804497,4.159396e-07,10937.586,10458.471,2710.7136,2.5012374e-05,9152.678,47.218094,0.0045493753,479.11545,5.741074e-05
7763.051,0.043811526,4.0373004e-07,10959.348,10479.202,2716.1467,2.1776614e-05,9173.414,46.983604,0.004424618,480.14575,5.34389e-05
7778.335,0.04381851,3.9184383e-07,10981.089,10499.914,2721.5742,1.8772525e-05,9194.128,46.749725,0.004302872,481.175,4.971386e-05
7793.513,0.04382545,3.8034761e-07,11002.68,10520.482,2726.9653,1.5838677e-05,9214.716,46.51804,0.004184843,482.1974,4.607854e-05
7808.6655,0.043832358,3.6915966e-07,11024.234,10541.016,2732.346,1.3122232e-05,9235.269,46.287064,0.0040697027,483.2182,4.2675307e-05
7823.8022,0.043839227,3.582739e-07,11045.766,10561.528,2737.723,1.0506732e-05,9255.798,46.056847,0.0039574094,484.23785,3.9387494e-05
7838.907,0.043846056,3.4768453e-07,11067.258,10582.002,2743.0913,7.976813e-06,9276.284,45.827457,0.003847914,485.25558,3.6199588e-05
7853.981,0.043852847,3.3738715e-07,11088.722,10602.45,2748.4648,5.3149047e-06,9296.727,45.598972,0.0037411922,486.272,3.2893837e-05
7868.9194,0.0438596,3.274445e-07,11109.992,10622.713,2753.7908,2.8205882e-06,9317.001,45.372944,0.0036379062,487.27985,2.9774019e-05
