kx,MATx,MUOx,MLOx,TATx,TOCx,taux
223.00183,851.0,403.0,894.0,1.1,0.27,0.0
228.26646,856.64136,405.18665,894.7022,1.2183225,0.2755693,0.014888048
233.92569,862.2665,407.4339,895.4199,1.3205172,0.2818952,0.029554427
239.94963,867.8904,409.73322,896.15356,1.4095836,0.28886434,0.044002473
246.31735,873.51935,412.07803,896.90356,1.48797,0.29638436,0.058235407
253.01463,879.1598,414.46298,897.6702,1.5576707,0.3043799,0.072256446
260.0098,884.8133,416.88376,898.4538,1.6203101,0.3127895,0.08606875
267.31445,890.4772,419.33667,899.2545,1.6772089,0.32156295,0.09967542
274.8898,896.15216,421.8184,900.0726,1.7294383,0.33065933,0.11307949
282.73862,901.8389,424.32593,900.9082,1.777869,0.34004512,0.126284
290.84555,907.53827,426.85693,901.7616,1.8232089,0.34969294,0.13929194
299.19885,913.24414,429.40912,902.63275,1.8660336,0.35958025,0.15210623
307.8065,918.94946,431.98035,903.5219,1.9068062,0.36968857,0.16472971
316.64008,924.65436,434.5682,904.4291,1.9458983,0.38000265,0.17716527
325.68808,930.35803,437.17062,905.35443,1.983612,0.39050978,0.1894157
334.95883,936.0607,439.78577,906.298,2.020192,0.40119952,0.20148373
344.44885,941.76013,442.41208,907.25977,2.0558376,0.41206297,0.21337211
354.14877,947.45026,445.04794,908.2399,2.0907097,0.4230927,0.22508347
364.06448,953.1281,447.69168,909.23834,2.1249347,0.43428242,0.23662049
374.20404,958.7904,450.3417,910.25507,2.158613,0.4456267,0.24798572
384.54913,964.4348,452.99625,911.29016,2.1918252,0.45712084,0.25918174
395.06445,970.05786,455.65384,912.34357,2.2246346,0.4687607,0.2702111
405.76016,975.656,458.31287,913.4153,2.2570913,0.48054263,0.28107625
416.6438,981.2271,460.97168,914.50525,2.2892334,0.4924633,0.29177964
427.72565,986.7686,463.6288,915.6134,2.3210914,0.50451964,0.3023237
438.99506,992.2759,466.28275,916.7397,2.352688,0.51670885,0.31271076
450.45255,997.7458,468.93195,917.884,2.3840399,0.5290283,0.32294315
462.11847,1003.1742,471.5748,919.04626,2.4151583,0.5414755,0.33302325
473.98367,1008.5584,474.20978,920.22644,2.4460502,0.5540479,0.34295326
486.04233,1013.8954,476.83527,921.4243,2.47672,0.5667432,0.35273546
498.29236,1019.18207,479.4497,922.6399,2.5071704,0.57955915,0.36237198
510.72836,1024.4136,482.0516,923.8729,2.5374014,0.5924934,0.37186503
523.3627,1029.5864,484.6393,925.12335,2.5674105,0.60554373,0.38121676
536.18225,1034.6996,487.21124,926.39087,2.597194,0.6187079,0.39042926
549.19946,1039.7507,489.7658,927.6754,2.6267488,0.6319835,0.3995046
562.41174,1044.7355,492.3016,928.97675,2.6560714,0.6453684,0.40844482
575.8019,1049.6505,494.81717,930.29474,2.6851568,0.65886027,0.41725194
589.3719,1054.4918,497.3109,931.62915,2.7139997,0.67245674,0.42592794
603.1264,1059.2559,499.7813,932.9797,2.742593,0.6861555,0.43447477
617.0622,1063.9395,502.22678,934.34625,2.7709303,0.6999542,0.44289434
631.18555,1068.5396,504.6457,935.7285,2.799004,0.7138505,0.45118856
645.4824,1073.0548,507.03656,937.12616,2.8268077,0.72784185,0.4593593
659.97455,1077.485,509.39786,938.539,2.8543348,0.7419259,0.46740842
674.6681,1081.8275,511.7284,939.9668,2.8815813,0.7561002,0.47533768
689.5607,1086.0774,514.02686,941.4092,2.908542,0.77036214,0.48314893
704.64825,1090.2297,516.2919,942.8659,2.9352107,0.7847093,0.49084383
719.9376,1094.2815,518.5219,944.3367,2.96158,0.79913914,0.49842417
735.42615,1098.23,520.71545,945.82104,2.9876423,0.8136491,0.5058917
751.12396,1102.0721,522.87103,947.3188,3.0133905,0.8282366,0.513248
767.0361,1105.8063,524.9872,948.8296,3.0388174,0.84289896,0.5204948
783.15826,1109.4298,527.0625,950.3531,3.0639164,0.8576336,0.5276337
799.50464,1112.9412,529.09564,951.88885,3.088682,0.8724378,0.53466636
816.06573,1116.338,531.08527,953.4365,3.1131077,0.8873088,0.54159427
832.8209,1119.6199,533.03015,954.9958,3.137189,0.90224385,0.54841906
849.7761,1122.7865,534.9291,956.5662,3.1609209,0.9172403,0.5551423
866.92065,1125.8363,536.7812,958.1474,3.1843004,0.93229544,0.5617654
884.2432,1128.765,538.5854,959.73895,3.207324,0.9474064,0.5682899
901.7586,1131.5686,540.3405,961.34045,3.2299871,0.9625705,0.5747172
919.48834,1134.2422,542.04553,962.9514,3.2522843,0.9777849,0.58104885
937.4295,1136.7847,543.699,964.5715,3.2742078,0.99304676,0.58728623
955.5801,1139.1947,545.29956,966.20026,3.2957516,1.0083534,0.59343076
973.937,1141.4694,546.84625,967.8372,3.3169098,1.0237018,0.59948385
992.5263,1143.6012,548.33777,969.4819,3.3376768,1.0390892,0.60544676
1011.3237,1145.5908,549.77264,971.1339,3.3580432,1.0545127,0.6113209
1030.3344,1147.4382,551.14954,972.79266,3.378003,1.0699694,0.6171076
1049.5669,1149.1416,552.46747,974.4579,3.39755,1.0854564,0.62280816
1069.0148,1150.6992,553.7253,976.1289,3.4166799,1.1009705,0.6284238
1088.6871,1152.11,554.922,977.80524,3.4353871,1.116509,0.63395584
1108.5845,1153.371,556.0566,979.4864,3.453667,1.1320688,0.6394055
1128.7191,1154.482,557.1279,981.17194,3.4715142,1.1476467,0.6447741
1149.0621,1155.4381,558.13525,982.86127,3.4889243,1.1632398,0.65006274
1169.6094,1156.2395,559.0774,984.55396,3.5058904,1.1788452,0.65527266
1190.3945,1156.8871,559.9534,986.2493,3.5224078,1.1944597,0.66040504
1211.4196,1157.3796,560.76263,987.94696,3.5384722,1.2100803,0.665461
1232.6699,1157.7173,561.5042,989.64624,3.5540798,1.2257038,0.6704416
1254.0992,1157.9008,562.1774,991.34674,3.5692277,1.2413272,0.6753481
1275.731,1157.9303,562.78186,993.0478,3.583913,1.2569474,0.6801815
1297.5876,1157.8044,563.317,994.74884,3.5981338,1.2725614,0.68494296
1319.6516,1157.5244,563.7825,996.4494,3.6118875,1.288166,0.6896336
1341.8829,1157.0918,564.17773,998.1489,3.6251721,1.3037581,0.6942544
1364.306,1156.5109,564.50275,999.8468,3.6379867,1.3193349,0.6988064
1386.9403,1155.7871,564.7575,1001.5424,3.6503325,1.334893,0.70329064
1409.7887,1154.926,564.9424,1003.23535,3.6622133,1.3504295,0.7077081
1432.7987,1153.9369,565.058,1004.925,3.6736345,1.3659416,0.71205986
1455.9486,1152.8295,565.1055,1006.6108,3.6846066,1.3814263,0.71634674
1479.248,1151.6139,565.0866,1008.2922,3.6951416,1.3968806,0.72056985
1502.6846,1150.3109,565.00305,1009.9686,3.7052555,1.412302,0.7247301
1526.3218,1148.9725,564.8578,1011.63983,3.7140675,1.4276878,0.7288283
1550.211,1147.6356,564.6565,1013.30505,3.7217934,1.4430294,0.7328656
1574.4625,1146.3206,564.4063,1014.964,3.7286298,1.4583199,0.7368427
1599.0277,1145.0516,564.11456,1016.6162,3.7347484,1.4735537,0.74076056
1623.908,1143.8213,563.78925,1018.2614,3.740302,1.4887263,0.7446202
1649.0917,1142.6232,563.43677,1019.89935,3.7454112,1.5038342,0.7484224
1674.5726,1141.4524,563.06244,1021.53,3.7501705,1.5188752,0.75216794
1700.3795,1140.3048,562.67053,1023.15295,3.7546535,1.5338472,0.7558577
1726.5001,1139.177,562.2647,1024.7682,3.758918,1.5487489,0.7594925
1752.9252,1138.0662,561.84766,1026.3756,3.763009,1.5635791,0.76307327
1779.646,1136.9702,561.42206,1027.9752,3.7669618,1.5783373,0.76660067
1806.6726,1135.8872,560.9896,1029.5669,3.7708037,1.593023,0.77007556
1833.9924,1134.8154,560.55206,1031.1506,3.7745557,1.6076359,0.7734987
1861.5992,1133.7539,560.11066,1032.7263,3.7782345,1.6221759,0.7768709
1889.4949,1132.7015,559.6663,1034.2941,3.7818525,1.6366432,0.78019285
1917.6844,1131.6573,559.2201,1035.8539,3.7854197,1.6510375,0.7834654
1946.1611,1130.621,558.7726,1037.4058,3.7889433,1.6653591,0.78668916
1974.9401,1129.5916,558.32446,1038.9496,3.792429,1.6796083,0.78986496
2004.0146,1128.5687,557.87616,1040.4856,3.7958813,1.6937854,0.7929935
2033.3812,1127.5522,557.42804,1042.0137,3.7993035,1.7078905,0.79607546
2063.0386,1126.5416,556.9805,1043.5337,3.8026984,1.721924,0.79911155
2092.9937,1125.5366,556.5338,1045.0459,3.8060675,1.735886,0.80210245
2123.2412,1124.5371,556.088,1046.5503,3.8094127,1.7497768,0.8050488
2153.764,1123.5428,555.64343,1048.0469,3.8127346,1.763597,0.8079513
2184.5564,1122.5538,555.20013,1049.5358,3.8160343,1.7773468,0.81081057
2215.6135,1121.5697,554.75836,1051.0168,3.8193126,1.7910265,0.81362724
2246.9329,1120.5907,554.3181,1052.4901,3.8225698,1.8046364,0.81640196
2278.5125,1119.6163,553.87946,1053.9558,3.8258064,1.8181767,0.8191354
2310.346,1118.6469,553.4425,1055.4138,3.8290222,1.8316479,0.8218281
2342.4248,1117.682,553.0072,1056.8643,3.8322177,1.8450502,0.8244808
2374.7583,1116.7219,552.5736,1058.3071,3.8353932,1.8583841,0.82709396
2407.4028,1115.7664,552.1419,1059.7426,3.838549,1.8716499,0.8296682
2440.3457,1114.8154,551.71204,1061.1704,3.8416848,1.8848479,0.83220416
2473.5798,1113.8691,551.28394,1062.5908,3.844801,1.8979783,0.8347023
2507.0928,1112.9274,550.8577,1064.0037,3.8478975,1.9110415,0.83716327
2540.8748,1111.99,550.4334,1065.4092,3.8509748,1.9240378,0.83958757
2574.924,1111.0571,550.011,1066.8074,3.8540325,1.9369676,0.8419758
2609.2349,1110.1288,549.5904,1068.1984,3.857071,1.9498311,0.8443285
2643.806,1109.2047,549.17175,1069.5819,3.8600903,1.9626287,0.8466462
2678.635,1108.2853,548.75494,1070.9581,3.8630908,1.9753608,0.84892935
2713.7283,1107.3702,548.34,1072.3271,3.8660727,1.9880275,0.8511785
2749.0942,1106.4595,547.92706,1073.689,3.8690355,2.0006292,0.8533942
2784.7148,1105.5531,547.51605,1075.0438,3.8719797,2.0131662,0.8555769
2820.5752,1104.6512,547.10693,1076.3915,3.874905,2.0256388,0.85772705
2856.6763,1103.7535,546.6997,1077.732,3.8778126,2.0380473,0.8598452
2893.0159,1102.8602,546.2943,1079.0656,3.8807015,2.0503922,0.86193186
2929.5896,1101.9713,545.89087,1080.3921,3.883572,2.0626736,0.86398745
2966.3806,1101.0867,545.4893,1081.7117,3.8864245,2.0748918,0.8660124
3003.408,1100.2062,545.0896,1083.0243,3.8892593,2.0870473,0.86800724
3040.677,1099.33,544.6918,1084.33,3.892076,2.0991402,0.86997235
3078.1897,1098.458,544.2959,1085.6289,3.894875,2.1111708,0.8719082
3115.9346,1097.5903,543.9019,1086.9209,3.8976564,2.1231394,0.87381524
3153.8787,1096.727,543.50977,1088.2062,3.9004204,2.1350465,0.8756939
3192.03,1095.8679,543.1195,1089.4846,3.9031672,2.1468923,0.87754464
3230.4812,1095.013,542.731,1090.7563,3.9058971,2.1586769,0.87936777
3269.252,1094.1621,542.3444,1092.0214,3.9086096,2.1704009,0.8811638
3308.3318,1093.3156,541.9597,1093.2797,3.911305,2.1820643,0.882933
3347.7112,1092.473,541.57684,1094.5314,3.9139838,2.1936677,0.8846759
3387.3708,1091.6348,541.19586,1095.7767,3.9166455,2.205211,0.8863929
3427.2466,1090.8005,540.81665,1097.0153,3.9192908,2.2166946,0.8880843
3467.3533,1089.9705,540.4394,1098.2474,3.9219193,2.2281191,0.88975054
3507.6995,1089.1444,540.06384,1099.473,3.9245315,2.2394845,0.89139193
3548.2896,1088.3226,539.6901,1100.6921,3.9271274,2.2507913,0.89300895
3589.1172,1087.5049,539.31824,1101.9049,3.9297075,2.2620394,0.8946019
3630.183,1086.6912,538.9482,1103.1112,3.9322712,2.2732296,0.8961711
3671.485,1085.8815,538.5799,1104.3112,3.9348192,2.2843618,0.8977169
3713.02,1085.0758,538.21344,1105.5046,3.9373512,2.2954364,0.8992397
3754.7896,1084.2743,537.84875,1106.692,3.9398675,2.3064537,0.90073985
3796.79,1083.4767,537.48596,1107.8729,3.942368,2.317414,0.9022176
3839.0198,1082.683,537.1249,1109.0477,3.9448533,2.3283174,0.9036734
3881.4778,1081.8933,536.76556,1110.2164,3.947323,2.3391643,0.90510756
3924.1602,1081.1077,536.408,1111.3789,3.9497776,2.349955,0.9065203
3967.0828,1080.3258,536.05225,1112.5353,3.9522169,2.3606899,0.9079121
4010.2112,1079.5479,535.6982,1113.6855,3.9546413,2.371369,0.9092831
4053.5215,1078.7739,535.3459,1114.8296,3.9570508,2.3819928,0.9106337
4097.0186,1078.004,534.9954,1115.9675,3.9594455,2.3925614,0.9119642
4140.7197,1077.2378,534.64667,1117.0995,3.9618254,2.4030752,0.9132749
4184.619,1076.4755,534.2996,1118.2257,3.9641905,2.4135344,0.91456604
4228.71,1075.7169,533.9543,1119.3458,3.9665408,2.4239392,0.915838
4272.9927,1074.9624,533.61066,1120.46,3.968877,2.43429,0.917091
4317.4683,1074.2115,533.26874,1121.5682,3.9711988,2.444587,0.91832536
4362.15,1073.4646,532.9286,1122.6707,3.9735062,2.4548306,0.91954136
4407.0796,1072.7213,532.59015,1123.7672,3.9757996,2.465021,0.92073923
4452.2534,1071.9819,532.25336,1124.8582,3.9780788,2.4751582,0.9219193
4497.675,1071.2461,531.9183,1125.9432,3.9803443,2.4852428,0.92308176
4543.341,1070.514,531.5849,1127.0223,3.9825954,2.495275,0.92422694
4589.2505,1069.7859,531.2532,1128.096,3.984833,2.505255,0.9253551
4635.4023,1069.0613,530.92316,1129.1638,3.9870572,2.515183,0.9264664
4681.788,1068.3405,530.5947,1130.2261,3.9892676,2.5250592,0.92756116
4728.422,1067.6232,530.2679,1131.2828,3.9914644,2.534884,0.92863965
4775.3164,1066.9095,529.94275,1132.3339,3.993648,2.5446577,0.9297021
4822.4365,1066.1998,529.6192,1133.3794,3.9958181,2.5543804,0.9307487
4869.737,1065.4935,529.2974,1134.4192,3.997975,2.5640523,0.93177974
4917.211,1064.7909,528.97723,1135.4537,4.0001187,2.573674,0.9327954
4964.8643,1064.0918,528.6586,1136.4825,4.0022492,2.5832453,0.9337959
5012.6987,1063.3964,528.3416,1137.5061,4.004367,2.5927668,0.93478155
5060.715,1062.7043,528.0263,1138.5242,4.006472,2.6022387,0.9357525
5108.9106,1062.016,527.7125,1139.5369,4.008564,2.611661,0.93670905
5157.292,1061.3312,527.4004,1140.5442,4.0106435,2.6210341,0.93765134
5205.853,1060.6499,527.08984,1141.5461,4.01271,2.6303585,0.9385796
5254.595,1059.972,526.7808,1142.5427,4.014765,2.6396341,0.9394941
5303.5166,1059.2977,526.4734,1143.5342,4.0168066,2.6488614,0.9403949
5352.6206,1058.6268,526.16754,1144.5203,4.018836,2.6580403,0.9412823
5401.9126,1057.9596,525.8632,1145.5012,4.020853,2.6671712,0.9421565
5451.3975,1057.2955,525.5605,1146.4769,4.022858,2.6762545,0.94301766
5501.069,1056.635,525.25934,1147.4475,4.0248513,2.68529,0.943866
5550.9497,1055.9778,524.9596,1148.413,4.026832,2.6942787,0.94470173
5601.048,1055.3241,524.6615,1149.3732,4.028801,2.7032201,0.945525
5651.3574,1054.6737,524.36487,1150.3282,4.030758,2.7121148,0.94633603
5701.8706,1054.0267,524.0698,1151.2783,4.032703,2.720963,0.947135
5752.588,1053.3829,523.7763,1152.2235,4.0346365,2.729765,0.94792205
5803.498,1052.7427,523.48425,1153.1636,4.036558,2.7385206,0.9486974
5854.5967,1052.1057,523.19366,1154.0985,4.0384684,2.7472305,0.94946116
5905.8574,1051.4719,522.9046,1155.0286,4.040367,2.755895,0.9502136
5957.2783,1050.8414,522.61707,1155.9537,4.0422544,2.7645137,0.95095485
6008.857,1050.2142,522.33093,1156.8739,4.0441303,2.7730873,0.9516851
6060.5923,1049.5903,522.0463,1157.7892,4.0459948,2.781616,0.9524044
6112.546,1048.9697,521.7632,1158.6997,4.047848,2.7901,0.953113
6164.6167,1048.3523,521.4815,1159.6053,4.0496902,2.7985396,0.95381105
6216.8105,1047.7379,521.2013,1160.5062,4.0515213,2.806935,0.9544987
6269.1772,1047.1268,520.9225,1161.4023,4.0533414,2.8152862,0.9551761
6321.7417,1046.519,520.64514,1162.2937,4.0551505,2.8235934,0.95584345
6374.492,1045.9143,520.3692,1163.1802,4.056949,2.831857,0.9565009
6427.4253,1045.3126,520.0947,1164.062,4.058737,2.8400774,0.95714855
6480.543,1044.7142,519.8217,1164.9392,4.0605135,2.8482547,0.95778656
6533.8335,1044.1189,519.55005,1165.8118,4.0622797,2.8563888,0.95841503
6587.3003,1043.5266,519.2798,1166.6796,4.0640354,2.8644805,0.95903414
6640.9385,1042.9375,519.0109,1167.5428,4.0657806,2.8725295,0.9596441
6694.74,1042.3514,518.74347,1168.4015,4.0675154,2.880536,0.9602449
6748.704,1041.7684,518.47736,1169.2556,4.0692396,2.8885007,0.96083677
6802.821,1041.1885,518.21265,1170.1051,4.070954,2.8964236,0.9614198
6857.1104,1040.6115,517.9494,1170.9502,4.0726576,2.9043047,0.96199423
6911.611,1040.0375,517.6875,1171.7908,4.0743513,2.9121444,0.96256006
6966.3154,1039.4667,517.4269,1172.6268,4.0760345,2.9199429,0.9631175
7021.224,1038.8987,517.16766,1173.4586,4.0777082,2.9277003,0.9636666
7076.326,1038.3337,516.9098,1174.2859,4.079372,2.935417,0.9642076
7131.6045,1037.7717,516.65326,1175.1086,4.0810256,2.9430928,0.96474046
7187.058,1037.2126,516.398,1175.9271,4.0826693,2.9507282,0.9652654
7242.685,1036.6565,516.14417,1176.7413,4.084303,2.9583235,0.9657825
7298.4785,1036.1033,515.8916,1177.5511,4.085927,2.965879,0.96629196
7354.4365,1035.5529,515.6404,1178.3567,4.0875416,2.9733944,0.96679384
7410.546,1035.0055,515.39044,1179.1578,4.0891466,2.9808705,0.9672882
7466.8184,1034.4609,515.14185,1179.9547,4.090742,2.988307,0.9677752
7523.279,1033.9192,514.89453,1180.7476,4.092328,2.9957044,0.968255
7579.923,1033.3802,514.6485,1181.5361,4.0939045,3.003063,0.9687276
7636.7383,1032.8442,514.40375,1182.3203,4.0954714,3.0103827,0.96919316
7693.7183,1032.3109,514.16034,1183.1005,4.097029,3.0176637,0.9696518
7750.8525,1031.7805,513.91815,1183.8765,4.0985775,3.0249064,0.9701036
7808.147,1031.2527,513.67725,1184.6484,4.1001167,3.0321107,0.97054875
7865.5825,1030.7278,513.43756,1185.4161,4.101647,3.039277,0.9709872
7923.1426,1030.2056,513.19916,1186.1798,4.103168,3.0464056,0.97141916
7980.73,1029.6862,512.962,1186.9393,4.10468,3.0534966,0.9718447
8038.36,1029.1696,512.7261,1187.695,4.106183,3.06055,0.9722639
8096.028,1028.6555,512.4914,1188.4464,4.107677,3.0675664,0.9726768
8153.754,1028.1443,512.258,1189.194,4.1091623,3.0745456,0.9730836
8211.531,1027.6357,512.02576,1189.9376,4.110639,3.081488,0.97348434
8269.378,1027.1298,511.79474,1190.6771,4.112107,3.0883934,0.9738791
8327.29,1026.6265,511.5649,1191.413,4.113566,3.0952625,0.974268
8385.265,1026.1259,511.33633,1192.1448,4.115016,3.1020954,0.9746511
8443.323,1025.6279,511.10895,1192.8727,4.116458,3.108892,0.9750285
8501.457,1025.1327,510.88272,1193.5967,4.1178913,3.1156528,0.97540027
8559.692,1024.6399,510.65765,1194.317,4.119316,3.1223779,0.97576654
8618.009,1024.1497,510.4338,1195.0333,4.1207323,3.1290674,0.9761273
8676.412,1023.6621,510.21112,1195.746,4.12214,3.1357214,0.97648275
8734.8955,1023.1771,509.98962,1196.4547,4.1235394,3.1423404,0.97683287
8793.464,1022.6947,509.76932,1197.1598,4.124931,3.1489244,0.9771778
8852.115,1022.2149,509.55014,1197.861,4.126314,3.1554732,0.9775176
8910.845,1021.7374,509.33212,1198.5585,4.127689,3.1619875,0.97785234
8969.668,1021.26263,509.11526,1199.2522,4.1290555,3.1684675,0.9781821
9028.584,1020.79034,508.89957,1199.9424,4.1304145,3.174913,0.9785069
9087.591,1020.32056,508.685,1200.6288,4.1317654,3.1813242,0.97882694
9146.684,1019.8532,508.47156,1201.3115,4.133108,3.1877017,0.9791422
9205.857,1019.3883,508.2592,1201.9906,4.1344433,3.1940453,0.9794527
9265.1045,1018.9258,508.048,1202.6661,4.1357703,3.2003555,0.9797586
9324.431,1018.46576,507.83795,1203.3381,4.1370897,3.2066321,0.98006
9383.835,1018.00824,507.6289,1204.0065,4.138401,3.2128754,0.9803569
9443.32,1017.5531,507.42102,1204.6711,4.1397047,3.2190857,0.98064935
9502.867,1017.10034,507.2142,1205.3323,4.1410007,3.225263,0.9809374
9562.479,1016.64996,507.00848,1205.9901,4.1422887,3.2314076,0.9812212
9622.163,1016.20197,506.80386,1206.6443,4.1435695,3.2375197,0.9815008
9681.913,1015.75635,506.6003,1207.295,4.1448426,3.2435994,0.98177624
9741.73,1015.31305,506.39786,1207.9423,4.1461086,3.249647,0.98204756
9801.637,1014.8721,506.19638,1208.586,4.147367,3.2556622,0.9823148
9861.624,1014.43353,505.99606,1209.2264,4.1486177,3.2616456,0.9825781
9921.696,1013.9972,505.79672,1209.8635,4.1498613,3.2675972,0.9828375
9981.841,1013.5633,505.59848,1210.4972,4.1510973,3.2735174,0.983093
10042.048,1013.1316,505.40125,1211.1274,4.152326,3.279406,0.98334473
10102.33,1012.7022,505.2051,1211.7543,4.153548,3.2852633,0.9835927
10162.666,1012.2751,505.01,1212.3779,4.1547623,3.2910895,0.98383695
10223.063,1011.8502,504.81595,1212.9982,4.1559696,3.2968848,0.9840776
10283.515,1011.4276,504.62292,1213.6151,4.15717,3.3026493,0.9843146
10344.033,1011.0073,504.43088,1214.2288,4.1583633,3.308383,0.98454815
10404.612,1010.5891,504.23987,1214.8391,4.1595497,3.3140864,0.9847782
10465.232,1010.1732,504.04984,1215.4463,4.160729,3.3197594,0.98500484
10525.908,1009.7594,503.86084,1216.0502,4.1619015,3.3254025,0.9852281
10586.628,1009.3479,503.67285,1216.6509,4.163067,3.3310156,0.98544806
10647.396,1008.93854,503.4858,1217.2483,4.164225,3.3365986,0.9856647
10708.205,1008.5313,503.29977,1217.8425,4.165377,3.342152,0.98587817
10769.043,1008.1263,503.1147,1218.4337,4.166522,3.3476758,0.9860884
10829.924,1007.7233,502.93063,1219.0217,4.16766,3.3531704,0.9862955
10890.831,1007.3226,502.7476,1219.6066,4.168792,3.3586357,0.98649955
10951.772,1006.9239,502.56543,1220.1882,4.1699166,3.3640718,0.98670053
11012.747,1006.5274,502.3843,1220.7668,4.171035,3.369479,0.98689854
11073.757,1006.13306,502.20413,1221.3424,4.172147,3.3748574,0.9870936
11134.806,1005.7408,502.02484,1221.9149,4.173252,3.3802073,0.9872858
11195.902,1005.35046,501.84656,1222.4843,4.1743507,3.3855286,0.9874751
11257.002,1004.96234,501.66916,1223.0505,4.175443,3.3908217,0.9876616
11318.049,1004.57623,501.49274,1223.614,4.176529,3.3960867,0.9878453
11379.069,1004.19214,501.31726,1224.1744,4.177609,3.4013233,0.98802626
11440.061,1003.81006,501.14267,1224.7318,4.1786823,3.4065323,0.98820454
11501.03,1003.43,500.96906,1225.2863,4.1797495,3.4117134,0.98838013
11562.051,1003.052,500.7964,1225.8376,4.1808105,3.416867,0.9885531
11623.108,1002.676,500.6246,1226.3864,4.181865,3.4219933,0.9887235
11684.212,1002.30206,500.4537,1226.9319,4.182914,3.4270918,0.9888914
11745.347,1001.93,500.28372,1227.4747,4.183956,3.4321635,0.9890568
11806.477,1001.56,500.11462,1228.0145,4.1849923,3.437208,0.9892197
11867.64,1001.19183,499.94644,1228.5514,4.1860223,3.4422255,0.98938024
11928.823,1000.82574,499.77914,1229.0854,4.1870465,3.4472163,0.9895384
11990.003,1000.46155,499.61273,1229.6168,4.1880646,3.4521804,0.9896941
12051.194,1000.0993,499.4472,1230.1451,4.1890764,3.4571183,0.98984754
12112.396,999.739,499.28253,1230.6707,4.1900826,3.4620297,0.9899987
12173.594,999.38055,499.11877,1231.1935,4.191083,3.4669151,0.9901476
12234.791,999.02405,498.95587,1231.7134,4.1920776,3.4717743,0.9902943
12295.981,998.6694,498.79382,1232.2307,4.193066,3.4766076,0.99043876
12357.176,998.31665,498.6326,1232.745,4.194049,3.481415,0.9905811
12418.368,997.96576,498.4723,1233.2568,4.195026,3.4861968,0.99072134
12479.559,997.61676,498.31284,1233.7659,4.1959977,3.490953,0.9908595
12540.731,997.26965,498.1542,1234.2721,4.1969633,3.4956837,0.9909956
12601.883,996.9243,497.99643,1234.7758,4.1979237,3.500389,0.99112964
12663.045,996.5808,497.83948,1235.2767,4.1988783,3.5050695,0.9912617
12724.187,996.2392,497.68335,1235.7749,4.199827,3.5097249,0.99139184
12785.296,995.89935,497.52805,1236.2704,4.2007704,3.5143554,0.99152
12846.391,995.56134,497.3736,1236.7634,4.2017083,3.5189614,0.99164623
12907.477,995.22516,497.2199,1237.2538,4.202641,3.5235426,0.9917706
12968.546,994.8907,497.06714,1237.7415,4.203568,3.5280993,0.9918932
13029.575,994.558,496.91513,1238.2267,4.2044897,3.5326316,0.9920139
13090.589,994.2271,496.76392,1238.7091,4.2054057,3.5371397,0.9921328
13151.57,993.89795,496.61353,1239.1891,4.2063165,3.5416238,0.9922499
13212.526,993.57056,496.46393,1239.6665,4.207222,3.546084,0.9923653
13273.453,993.2449,496.3151,1240.1412,4.2081223,3.5505202,0.99247897
13334.361,992.921,496.16705,1240.6135,4.2090173,3.5549326,0.99259096
13395.201,992.59875,496.0198,1241.0834,4.209907,3.5593216,0.9927013
13455.936,992.27826,495.87332,1241.5507,4.2107916,3.563687,0.99280995
13516.621,991.9595,495.7277,1242.0155,4.211671,3.5680292,0.992917
13577.279,991.64233,495.58282,1242.4779,4.2125454,3.5723479,0.99302244
13637.93,991.32697,495.43866,1242.9377,4.2134147,3.5766437,0.99312633
13698.561,991.0133,495.29532,1243.3953,4.214279,3.5809164,0.9932287
13759.142,990.70123,495.15268,1243.8502,4.2151384,3.5851665,0.99332947
13819.743,990.3908,495.01083,1244.3027,4.2159925,3.5893936,0.99342877
13880.333,990.0821,494.86972,1244.753,4.2168417,3.5935981,0.9935266
13940.932,989.77496,494.72937,1245.2008,4.2176857,3.5977802,0.99362296
14001.531,989.4695,494.58978,1245.6461,4.218525,3.60194,0.9937179
14062.1045,989.16565,494.4509,1246.0891,4.2193594,3.6060772,0.9938114
14122.657,988.8634,494.3128,1246.5297,4.220189,3.6101923,0.9939036
14183.19,988.5628,494.1754,1246.968,4.221014,3.6142855,0.99399436
14243.671,988.2638,494.03873,1247.404,4.221834,3.6183565,0.99408376
14304.14,987.9664,493.9028,1247.8376,4.222649,3.6224058,0.99417186
14364.561,987.67053,493.76758,1248.2689,4.2234592,3.6264334,0.99425864
14424.934,987.3762,493.6331,1248.698,4.224265,3.6304395,0.9943441
14485.267,987.0835,493.4993,1249.1248,4.225066,3.6344242,0.99442834
14545.565,986.7923,493.36624,1249.5493,4.2258625,3.6383874,0.9945113
14605.797,986.5027,493.2339,1249.9716,4.2266545,3.6423295,0.994593
14666.0,986.21466,493.10226,1250.3915,4.227442,3.6462502,0.99467355
14726.108,985.9281,492.9713,1250.8093,4.2282243,3.65015,0.9947528
14786.199,985.64307,492.84103,1251.2249,4.229002,3.654029,0.99483097
14846.208,985.35956,492.7115,1251.6382,4.2297754,3.657887,0.9949079
14906.166,985.0776,492.5826,1252.0492,4.230544,3.6617243,0.99498373
14966.064,984.79706,492.4544,1252.4581,4.2313085,3.6655412,0.9950584
15025.884,984.51807,492.3269,1252.8649,4.2320685,3.6693375,0.99513197
15085.658,984.24054,492.20007,1253.2694,4.2328243,3.6731133,0.99520445
15145.406,983.9645,492.0739,1253.6719,4.2335753,3.6768692,0.99527586
15205.099,983.68994,491.94846,1254.0721,4.2343225,3.6806047,0.9953462
15264.726,983.41693,491.82364,1254.4703,4.235065,3.6843202,0.99541545
15324.318,983.14526,491.6995,1254.8663,4.235803,3.6880157,0.9954837
15383.854,982.87506,491.57602,1255.2603,4.236537,3.6916914,0.99555093
15443.324,982.60626,491.4532,1255.652,4.2372665,3.6953473,0.99561715
15502.783,982.3389,491.331,1256.0416,4.2379923,3.6989837,0.9956824
15562.168,982.073,491.20947,1256.4293,4.2387133,3.7026005,0.9957467
15621.509,981.8085,491.0886,1256.815,4.2394304,3.7061977,0.99581
15680.832,981.5454,490.96835,1257.1985,4.2401433,3.709776,0.9958724
15740.033,981.2837,490.8488,1257.58,4.240852,3.7133348,0.99593383
15799.124,981.0233,490.72983,1257.9594,4.241556,3.7168746,0.9959944
15858.074,980.7644,490.61148,1258.3368,4.2422566,3.720395,0.99605405
15916.895,980.50684,490.49377,1258.7122,4.242953,3.7238967,0.9961128
15975.677,980.2507,490.3767,1259.0856,4.243645,3.7273798,0.9961707
16034.446,979.99585,490.26028,1259.457,4.2443333,3.730844,0.9962277
16093.233,979.74243,490.14444,1259.8264,4.245018,3.7342896,0.9962838
16152.006,979.49036,490.02917,1260.1938,4.2456985,3.7377167,0.99633914
16210.742,979.2396,489.91458,1260.5593,4.2463746,3.7411253,0.9963936
16269.474,978.99023,489.80057,1260.9229,4.2470474,3.7445157,0.9964473
16328.137,978.7422,489.68716,1261.2844,4.247716,3.7478876,0.9965002
16386.746,978.4954,489.57437,1261.6442,4.2483807,3.7512414,0.9965523
16445.309,978.2499,489.4622,1262.0018,4.2490416,3.7545772,0.9966036
16503.795,978.00574,489.35062,1262.3577,4.2496986,3.757895,0.99665415
16562.244,977.7628,489.23962,1262.7117,4.250352,3.7611952,0.996704
16620.59,977.5213,489.1292,1263.0637,4.251001,3.7644775,0.99675304
16678.88,977.281,489.0194,1263.414,4.2516465,3.767742,0.9968014
16737.086,977.04205,488.91016,1263.7622,4.2522883,3.770989,0.996849
16795.21,976.8044,488.80154,1264.1086,4.2529263,3.7742183,0.9968959
16853.238,976.56793,488.69348,1264.4532,4.253561,3.7774303,0.9969421
16911.207,976.3327,488.58597,1264.7961,4.254192,3.780625,0.99698764
16969.043,976.09875,488.47906,1265.1371,4.254819,3.7838027,0.99703246
17026.81,975.8661,488.3727,1265.4762,4.255442,3.7869635,0.99707663
17084.479,975.63464,488.2669,1265.8136,4.2560616,3.790107,0.99712014
17142.049,975.40436,488.16168,1266.1492,4.2566776,3.7932336,0.997163
17199.572,975.17535,488.057,1266.4829,4.2572904,3.7963433,0.99720526
17256.965,974.94763,487.9529,1266.815,4.2578993,3.7994363,0.99724686
17314.295,974.72107,487.8494,1267.1451,4.258505,3.8025126,0.99728787
17371.432,974.4957,487.74637,1267.4736,4.2591066,3.8055723,0.9973282
17428.424,974.2716,487.6439,1267.8002,4.259705,3.8086154,0.997368
17485.29,974.0486,487.542,1268.1251,4.2603,3.8116422,0.99740714
17542.074,973.82684,487.44064,1268.4484,4.260892,3.8146527,0.99744576
17598.713,973.6062,487.3398,1268.7699,4.2614803,3.817647,0.9974838
17655.266,973.38684,487.23953,1269.0897,4.262065,3.820625,0.9975213
17711.658,973.1686,487.1398,1269.4077,4.2626467,3.8235872,0.9975582
17767.94,972.9514,487.0406,1269.7241,4.2632246,3.8265333,0.99759454
17824.127,972.7355,486.94186,1270.0388,4.263799,3.8294635,0.99763036
17880.209,972.5207,486.84375,1270.3519,4.2643704,3.832378,0.99766564
17936.213,972.30707,486.7461,1270.6632,4.2649384,3.8352766,0.9977004
17992.143,972.0946,486.64902,1270.973,4.265503,3.8381596,0.9977346
18048.012,971.88324,486.5524,1271.281,4.266064,3.841027,0.99776834
18103.701,971.67303,486.4563,1271.5874,4.2666225,3.843879,0.99780154
18159.287,971.4639,486.36072,1271.8922,4.2671776,3.8467157,0.99783427
18214.764,971.256,486.26562,1272.1953,4.2677293,3.8495371,0.9978665
18270.113,971.049,486.17108,1272.497,4.2682776,3.8523433,0.9978983
18325.346,970.8432,486.07703,1272.7969,4.268823,3.8551342,0.9979296
18380.436,970.6385,485.98346,1273.0951,4.2693653,3.8579102,0.9979604
18435.377,970.4349,485.89038,1273.3918,4.2699046,3.860671,0.9979907
18490.246,970.23236,485.79782,1273.687,4.2704406,3.863417,0.99802065
18544.97,970.03094,485.70572,1273.9805,4.270973,3.866148,0.9980501
18599.602,969.83057,485.61414,1274.2725,4.271503,3.8688643,0.9980791
18654.16,969.6312,485.52307,1274.563,4.2720294,3.871566,0.99810773
18708.613,969.433,485.43243,1274.8519,4.272553,3.8742533,0.9981359
18762.959,969.23584,485.34235,1275.1393,4.2730737,3.876926,0.9981637
18817.184,969.0397,485.25272,1275.4252,4.273591,3.879584,0.99819106
18871.29,968.8446,485.16354,1275.7095,4.2741055,3.882228,0.998218
18925.266,968.6505,485.0749,1275.9924,4.274617,3.8848574,0.9982445
18979.096,968.45746,484.9867,1276.2737,4.275126,3.8874729,0.99827063
19032.865,968.2655,484.89893,1276.5535,4.2756314,3.890074,0.9982964
19086.574,968.0746,484.81165,1276.8319,4.276134,3.892661,0.9983218
19140.105,967.88464,484.72482,1277.1086,4.2766337,3.8952343,0.99834675
19193.527,967.69574,484.63846,1277.3839,4.2771306,3.8977935,0.99837136
19246.873,967.50775,484.55252,1277.6578,4.2776246,3.900339,0.9983956
19300.09,967.32086,484.4671,1277.9303,4.2781157,3.9028707,0.9984195
19353.193,967.13495,484.38208,1278.2012,4.278604,3.9053886,0.99844307
19406.15,966.95,484.29758,1278.4707,4.2790895,3.907893,0.99846625
19458.969,966.76605,484.2135,1278.7389,4.279572,3.9103837,0.9984891
19511.627,966.58307,484.12988,1279.0055,4.2800517,3.9128609,0.99851155
19564.246,966.40106,484.04672,1279.2708,4.2805285,3.9153247,0.9985337
19616.676,966.22003,483.964,1279.5345,4.281003,3.9177752,0.99855554
19669.035,966.04,483.8817,1279.797,4.2814746,3.9202125,0.99857706
19721.191,965.86084,483.79984,1280.058,4.2819433,3.9226367,0.9985982
19773.264,965.6827,483.7184,1280.3176,4.282409,3.9250476,0.9986191
19825.219,965.5055,483.63742,1280.5759,4.2828727,3.9274454,0.99863964
19877.094,965.3292,483.55682,1280.8326,4.2833333,3.9298303,0.9986599
19928.836,965.1539,483.47668,1281.0881,4.2837915,3.9322023,0.9986799
19980.463,964.97955,483.39697,1281.3423,4.284247,3.9345615,0.99869955
20031.941,964.8061,483.3177,1281.595,4.2847,3.936908,0.9987189
20083.271,964.63354,483.23886,1281.8464,4.28515,3.939242,0.998738
20134.436,964.4619,483.16043,1282.0966,4.2855973,3.941563,0.99875677
20185.559,964.29126,483.0824,1282.3452,4.286042,3.9438715,0.9987753
20236.488,964.12146,483.0048,1282.5927,4.2864842,3.9461675,0.99879354
20287.215,963.9526,482.92755,1282.8389,4.286924,3.948451,0.9988115
20337.887,963.7846,482.8508,1283.0836,4.287361,3.9507222,0.9988292
20388.365,963.61755,482.7744,1283.3273,4.287796,3.9529812,0.9988466
20438.8,963.45135,482.69846,1283.5693,4.2882285,3.9552279,0.99886376
20489.16,963.286,482.62296,1283.8103,4.288658,3.9574623,0.9988807
20539.432,963.1216,482.54776,1284.0499,4.289085,3.9596846,0.9988974
20589.453,962.958,482.47302,1284.2882,4.28951,3.961895,0.99891376
20639.365,962.7953,482.39865,1284.5253,4.289932,3.9640932,0.9989299
20689.16,962.6334,482.32468,1284.7611,4.2903514,3.9662797,0.99894583
20738.812,962.4725,482.25113,1284.9956,4.2907686,3.9684544,0.9989615
20788.344,962.3124,482.17798,1285.2289,4.2911835,3.970617,0.99897695
20837.879,962.15314,482.1052,1285.4608,4.291596,3.972768,0.9989922
20887.258,961.99475,482.0328,1285.6918,4.292006,3.9749074,0.9990072
20936.46,961.8372,481.96082,1285.9214,4.2924137,3.977035,0.999022
20985.469,961.68054,481.88916,1286.1498,4.292819,3.9791512,0.99903655
21034.475,961.52466,481.8179,1286.3768,4.2932224,3.981256,0.9990509
21083.273,961.3696,481.74704,1286.6028,4.293623,3.9833496,0.99906504
21132.021,961.2154,481.67657,1286.8274,4.294021,3.9854317,0.999079
21180.557,961.06195,481.60645,1287.0509,4.2944174,3.9875023,0.9990927
21229.04,960.90936,481.53668,1287.2733,4.294811,3.9895618,0.9991062
21277.262,960.7576,481.46732,1287.4944,4.2952023,3.99161,0.9991195
21325.447,960.6066,481.39832,1287.7145,4.2955914,3.993647,0.99913263
21373.605,960.4565,481.32968,1287.9332,4.295978,3.9956732,0.99914557
21421.516,960.3071,481.26144,1288.1508,4.2963624,3.9976883,0.99915826
21469.373,960.1585,481.1935,1288.3673,4.296745,3.9996924,0.9991708
21517.137,960.01074,481.12598,1288.5825,4.297125,4.0016856,0.9991831
21564.81,959.8638,481.05878,1288.7968,4.297503,4.0036683,0.9991953
21612.387,959.7176,480.99194,1289.0098,4.2978787,4.00564,0.99920726
21659.863,959.57214,480.92548,1289.2218,4.2982526,4.007601,0.99921906
21707.205,959.4275,480.85938,1289.4325,4.298624,4.009551,0.9992307
21754.402,959.28357,480.79364,1289.6422,4.298993,4.011491,0.9992421
21801.443,959.1405,480.7282,1289.8508,4.2993603,4.01342,0.9992534
21848.33,958.99817,480.66315,1290.0582,4.299725,4.015339,0.9992645
21895.26,958.85657,480.59845,1290.2646,4.300088,4.017247,0.99927545
21942.016,958.71576,480.53406,1290.4697,4.300449,4.019145,0.99928623
21988.604,958.5756,480.47003,1290.6738,4.3008075,4.0210323,0.99929684
22035.232,958.4363,480.40634,1290.8768,4.301164,4.0229096,0.99930733
22081.652,958.29767,480.343,1291.079,4.3015184,4.024777,0.99931765
22127.848,958.1598,480.27994,1291.2798,4.301871,4.0266337,0.9993278
22174.055,958.0227,480.2173,1291.4796,4.3022213,4.0284805,0.9993378
22220.02,957.8863,480.15494,1291.6783,4.3025694,4.0303173,0.9993476
22265.953,957.7506,480.09296,1291.8761,4.3029156,4.032144,0.99935734
22311.885,957.61566,480.03128,1292.0726,4.30326,4.033961,0.99936694
22357.508,957.48145,479.96994,1292.2682,4.303602,4.035768,0.99937636
22403.092,957.3479,479.9089,1292.4626,4.3039427,4.037565,0.99938565
22448.367,957.21515,479.8482,1292.6561,4.304281,4.039353,0.9993948
22493.586,957.08307,479.78784,1292.8488,4.3046174,4.0411305,0.9994038
22538.736,956.95166,479.7278,1293.0402,4.3049517,4.0428987,0.99941266
22583.793,956.82104,479.66806,1293.2306,4.305284,4.044657,0.9994214
22628.768,956.69104,479.60864,1293.4199,4.3056145,4.046406,0.99943006
22673.402,956.56177,479.54956,1293.6083,4.305943,4.048145,0.9994385
