con,Omega,ygross,ynet,inv,Eind,scc,Dam,Emissions
77.2519,0.0028556,105.17594,104.8756,27.623705,36.845238,22.141386,0.3003404,39.445236
79.7689,0.0031489278,108.70386,108.36156,28.592659,37.50637,22.738026,0.3423006,40.04725
82.3755,0.0034147245,112.34295,111.95932,29.583824,38.176373,23.369719,0.3836202,40.659485
85.07944,0.003658579,116.08989,115.66517,30.585735,38.85304,24.035933,0.42472407,41.279686
87.87023,0.0038854198,119.9414,119.47537,31.605143,39.534397,24.7355,0.46602267,41.905872
90.743744,0.0040994147,123.89623,123.388336,32.64459,40.219112,25.466734,0.507902,42.536663
93.705894,0.0043039997,127.95305,127.40234,33.696453,40.906006,26.230299,0.5507099,43.170864
96.74882,0.0045019574,132.10902,131.51428,34.76546,41.593422,27.025967,0.59474915,43.806786
99.87166,0.0046955217,136.36143,135.72113,35.849487,42.279755,27.85398,0.64028805,44.442787
103.068115,0.0048864703,140.71051,140.02293,36.954826,42.96442,28.710781,0.6875777,45.078274
106.33891,0.005076208,145.15372,144.4169,38.07798,43.64622,29.597956,0.7368305,45.71201
109.68254,0.0052658464,149.692,148.90375,39.221214,44.324646,30.514957,0.78825504,46.34346
113.10241,0.005456254,154.32414,153.4821,40.379696,44.99896,31.462145,0.8420317,46.97187
116.59744,0.0056481203,159.04735,158.14903,41.551598,45.66786,32.439873,0.89831865,47.59591
120.1552,0.005841981,163.86252,162.90524,42.750046,46.33115,33.44132,0.9572818,48.215366
123.78113,0.0060382583,168.76997,167.75089,43.96976,46.98833,34.468307,1.0190767,48.829704
127.4756,0.006237278,173.76831,172.68448,45.20888,47.638866,35.52158,1.0838413,49.438374
131.23932,0.0064392965,178.85817,177.70645,46.467148,48.28226,36.59876,1.1517209,50.040848
135.0727,0.006644511,184.03775,182.81493,47.742226,48.917953,37.70171,1.222841,50.63656
138.97365,0.0068530743,189.30737,188.01001,49.036366,49.545425,38.828896,1.2973375,51.224953
142.94234,0.0070651006,194.66779,193.29243,50.350105,50.164722,39.98157,1.3753475,51.80606
146.97755,0.007280675,200.11841,198.66139,51.683846,50.775406,41.15951,1.4569972,52.379425
151.07817,0.0074998583,205.65901,204.11661,53.038433,51.37704,42.360348,1.5424134,52.94459
155.24911,0.007722695,211.29066,209.65892,54.409805,51.96972,43.587303,1.6317333,53.50162
159.48389,0.0079492135,217.01114,215.28606,55.802174,52.55244,44.839382,1.7250677,54.04951
163.77388,0.008179428,222.82175,220.99919,57.225304,53.125584,46.112095,1.8225545,54.588615
168.14044,0.008413342,228.72478,226.80045,58.660015,53.68918,47.41329,1.9243398,55.118942
172.57678,0.008650953,234.71884,232.6883,60.111507,54.24297,48.736248,2.0305417,55.64023
177.08127,0.008892249,240.80374,238.66246,61.581203,54.786396,50.085857,2.1412868,56.151882
181.6533,0.009137213,246.97842,244.72173,63.06842,55.31925,51.4613,2.2566946,56.65369
186.29063,0.009385822,253.24446,250.86754,64.57692,55.8416,52.86025,2.3769076,57.1457
190.9933,0.009638051,259.60272,257.10068,66.107376,56.353577,54.281647,2.5020642,57.628025
195.76387,0.009893865,266.05466,263.42233,67.65847,56.85522,55.729237,2.6323092,58.100693
200.58716,0.01015323,272.59854,269.83078,69.243614,57.34601,57.198395,2.7677557,58.56316
205.47331,0.010416113,279.23468,276.32614,70.85283,57.82597,58.690758,2.9085398,59.015446
210.4336,0.010682473,285.96616,282.91132,72.47773,58.295486,60.21508,3.0548258,59.457916
215.46248,0.010952268,292.79297,289.5862,74.12374,58.754444,61.765667,3.206747,59.890434
220.55713,0.011225455,299.71487,296.35043,75.793304,59.202736,63.33862,3.364436,60.312904
225.72343,0.011501993,306.73352,303.20547,77.48205,59.640457,64.94336,3.5280468,60.725388
230.96013,0.011781835,313.84888,310.15115,79.191025,60.0675,66.57828,3.6977155,61.127754
236.266,0.01206493,321.06052,317.18692,80.92092,60.483658,68.24291,3.8735723,61.51981
241.63663,0.012351238,328.3687,324.31296,82.676346,60.88899,69.93404,4.0557604,61.901585
247.07404,0.012640708,335.77338,331.52896,84.45493,61.283287,71.64696,4.244414,62.27285
252.58527,0.012933285,343.27567,338.836,86.25072,61.666767,73.38532,4.4396825,62.633835
258.17767,0.013228922,350.87604,346.23438,88.05669,62.03925,75.15378,4.641712,62.984325
263.83112,0.013527566,358.57797,353.72733,89.89619,62.40146,76.950714,4.8506875,63.32505
269.5485,0.013829165,366.37445,361.3078,91.75927,62.75199,78.77471,5.066653,63.65458
275.33856,0.014133664,374.26657,368.97678,93.638245,63.091003,80.6264,5.2897577,63.973064
281.19592,0.014441012,382.25583,376.73566,95.53973,63.418858,82.506035,5.520161,64.28087
287.11194,0.014751148,390.3471,384.58905,97.477104,63.736053,84.406624,5.7580676,64.57846
293.10294,0.01506402,398.54083,392.53723,99.43428,64.042854,86.33201,6.0036273,64.866104
299.1615,0.01537957,406.83984,400.58282,101.42131,64.33953,88.28076,6.257022,65.144066
305.28134,0.015697744,415.24103,408.7227,103.44135,64.625656,90.25923,6.5183473,65.411896
311.4734,0.016018488,423.74704,416.9592,105.48582,64.901344,92.26972,6.7877865,65.669716
317.73718,0.016341742,432.35925,425.29373,107.55655,65.16703,94.3054,7.065503,65.91793
324.07745,0.01666746,441.07657,433.7249,109.647484,65.422226,96.37724,7.351626,66.15605
330.48822,0.016995579,449.8988,442.2525,111.76428,65.667145,98.48043,7.6462903,66.384285
336.97095,0.017326051,458.82385,450.87424,113.9033,65.90132,100.61367,7.9496055,66.60216
343.52866,0.017658817,467.8539,459.5922,116.06352,66.125084,102.776985,8.261746,66.809975
350.16385,0.017993828,476.9898,468.40695,118.24311,66.33862,104.973495,8.582872,67.00795
356.87305,0.018331023,486.23312,477.32,120.44694,66.54195,107.19778,8.91315,67.19605
363.6529,0.018670343,495.58392,486.3312,122.67833,66.735146,109.44873,9.252722,67.374374
370.50208,0.019011743,505.0422,495.44046,124.93836,66.918365,111.732475,9.601733,67.54306
377.4281,0.019355163,514.61017,504.6498,127.22173,67.091736,114.05049,9.960363,67.70223
384.42032,0.019700548,524.28503,513.95636,129.53604,67.254814,116.38551,10.328702,67.851425
391.48492,0.020047845,534.06415,523.3573,131.8724,67.40752,118.75543,10.706837,67.99057
398.6346,0.020396996,543.9549,532.85986,134.22523,67.55067,121.16556,11.095046,68.12045
405.8581,0.020747947,553.9572,542.46375,136.60565,67.684265,123.60364,11.493474,68.2411
413.1579,0.02110064,564.06964,552.1674,139.0095,67.80815,126.07321,11.90223,68.352325
420.53976,0.021455027,574.29315,561.9716,141.43187,67.922455,128.5807,12.321474,68.45426
427.99405,0.021811051,584.62585,571.8746,143.8805,68.027,131.11665,12.751305,68.54671
435.5248,0.022168666,595.0659,581.87415,146.34933,68.12158,133.67317,13.191816,68.62947
443.12387,0.022527812,605.60986,591.9668,148.84291,68.2059,136.26097,13.643065,68.70223
450.7974,0.022888443,616.2633,602.158,151.36063,68.28065,138.8861,14.105308,68.7657
458.5478,0.023250492,627.0302,612.4515,153.90369,68.34617,141.54224,14.578763,68.8202
466.35922,0.023613915,637.9038,622.8404,156.48112,68.40202,144.22473,15.063406,68.86527
474.24536,0.023978654,648.89,633.33044,159.0851,68.4488,146.93863,15.559509,68.90151
482.21317,0.024344653,659.9922,643.9248,161.71167,68.48689,149.68294,16.067278,68.92931
490.23428,0.02471187,671.20905,654.62225,164.38795,68.51619,152.45372,16.58683,68.948555
498.33472,0.025080249,682.5363,665.41815,167.08345,68.53634,155.26372,17.11818,68.95888
506.51944,0.02544974,693.981,676.3194,169.79993,68.54798,158.1112,17.661638,68.96091
514.7619,0.025820294,705.5424,687.3251,172.56317,68.55131,160.97604,18.217314,68.95484
523.0822,0.02619186,717.2193,698.434,175.35184,68.546036,163.86977,18.785309,68.940384
531.4899,0.026564393,729.01263,709.6467,178.15686,68.53252,166.80037,19.365776,68.91791
539.9825,0.02693785,740.9211,720.9623,180.9798,68.51051,169.76636,19.958822,68.88714
548.55774,0.027312174,752.9457,732.3811,183.82333,68.48024,172.7692,20.564585,68.84831
557.2146,0.027687322,765.0853,743.90216,186.68758,68.44171,175.81061,21.183163,68.8014
565.96075,0.028050145,777.33875,755.53436,189.57355,68.394875,178.88712,21.804466,68.74639
574.7909,0.02840357,789.7075,767.27704,192.48615,68.33996,181.99615,22.430513,68.68348
583.7047,0.02874982,802.1912,779.12836,195.42363,68.27687,185.13908,23.062853,68.61259
592.6872,0.029090567,814.79034,791.08765,198.40044,68.206,188.31299,23.702713,68.53408
601.7346,0.02942706,827.5042,803.1532,201.4186,68.12711,191.52057,24.351017,68.44774
610.86346,0.029760258,840.3416,815.3329,204.46938,68.04116,194.76495,25.008783,68.35449
620.06683,0.030090855,853.2999,827.62335,207.55655,67.947975,198.03143,25.676523,68.25419
629.33563,0.030419381,866.37317,840.0187,210.68295,67.84716,201.33029,26.354534,68.14641
638.6872,0.030746223,879.56433,852.5211,213.83385,67.738914,204.6662,27.043282,68.03136
648.122,0.031071672,892.8741,865.13104,217.00903,67.62365,208.04852,27.743092,67.909454
657.656,0.03139592,906.305,877.85077,220.19475,67.50137,211.4785,28.454279,67.78066
667.2839,0.03171912,919.8556,890.6786,223.39476,67.37206,214.95297,29.177008,67.645004
676.9853,0.032041386,933.52655,903.61505,226.62975,67.2361,218.46219,29.911484,67.50282
686.7648,0.032362778,947.31744,916.65967,229.89491,67.09331,222.00983,30.657825,67.35397
696.6319,0.03268335,961.22784,929.81165,233.17976,66.943954,225.6049,31.416145,67.1987
706.5733,0.033003118,975.25305,943.06665,236.49338,66.7875,229.23268,32.186394,67.03646
716.59705,0.033322103,989.3999,956.431,239.83403,66.62487,232.89711,32.968887,66.86816
726.7021,0.033640303,1003.6634,969.89984,243.19768,66.455536,236.59753,33.763542,66.69329
736.87573,0.033957697,1018.0416,983.47125,246.59554,66.27965,240.33589,34.57035,66.51199
747.1298,0.034274295,1032.5448,997.1551,250.02518,66.09795,244.11456,35.389744,66.32503
757.44635,0.03459006,1047.1713,1010.94965,253.50328,65.91032,247.9254,36.22172,66.132225
767.83124,0.034904998,1061.9135,1024.8473,257.01605,65.716484,251.76605,37.066086,65.93334
778.2996,0.035219055,1076.7782,1038.8551,260.55557,65.51688,255.64992,37.92311,65.7288
788.8585,0.03553223,1091.7662,1052.9733,264.11475,65.31183,259.5804,38.79289,65.51895
799.5133,0.03584449,1106.8759,1067.2004,267.68707,65.10103,263.5678,39.675404,65.30343
810.2427,0.036155816,1122.1055,1081.5349,271.29227,64.8848,267.58542,40.57064,65.0826
821.04346,0.036466178,1137.4603,1095.9814,274.93793,64.66333,271.63867,41.47883,64.85663
831.9234,0.03677555,1152.9316,1110.532,278.6086,64.43632,275.7304,42.399696,64.62524
842.8835,0.037083916,1168.5197,1125.1863,282.30286,64.203926,279.8613,43.333286,64.388535
853.92444,0.03739124,1184.2244,1139.9447,286.0201,63.966114,284.03058,44.279613,64.14653
865.04663,0.0376975,1200.0466,1154.8079,289.76117,63.72308,288.24042,45.23876,63.899387
876.2564,0.038002677,1215.9907,1169.7798,293.5234,63.475246,292.4963,46.210903,63.64755
887.5197,0.038306747,1232.06,1184.8639,297.34415,63.222897,296.78375,47.196217,63.39128
898.86597,0.038609665,1248.2505,1200.0559,301.18988,62.965816,301.11606,48.194534,63.130375
910.2959,0.038911432,1264.5598,1215.3539,305.058,62.7041,305.49057,49.205833,62.864918
921.80566,0.03921201,1280.9886,1230.7584,308.95285,62.437897,309.90558,50.23014,62.59505
933.39874,0.039511394,1297.5399,1246.2723,312.87366,62.16732,314.36624,51.26761,62.320908
945.0841,0.039809544,1314.211,1261.893,316.80878,61.892384,318.88406,52.318142,62.04248
956.8536,0.04010644,1330.9983,1277.6167,320.76312,61.61311,323.4481,53.381607,61.759785
968.6903,0.04040207,1347.9006,1293.4426,324.75232,61.329575,328.0539,54.457966,61.47292
980.61066,0.040696405,1364.9261,1309.3785,328.76788,61.04214,332.7008,55.547585,61.18223
992.6051,0.04098944,1382.0732,1325.4229,332.81772,60.750854,337.39038,56.65041,60.887756
1004.64886,0.04128114,1399.3416,1341.5752,336.92624,60.45591,342.10706,57.766422,60.589695
1016.7637,0.04157149,1416.7261,1357.8307,341.06696,60.157177,346.86572,58.895416,60.287918
1028.9713,0.041860476,1434.2306,1374.193,345.22165,59.854717,351.67523,60.03757,59.982487
1041.2577,0.04214808,1451.8529,1390.6602,349.4024,59.548878,356.52765,61.192806,59.67374
1053.6205,0.04243428,1469.5948,1407.2336,353.61316,59.239628,361.42218,62.3612,59.36166
1066.0706,0.04271907,1487.4575,1423.9148,357.84415,58.927105,366.36456,63.542797,59.04636
1078.6083,0.04300241,1505.4413,1440.7039,362.09555,58.61143,371.35443,64.73761,58.72797
1091.2291,0.0432843,1523.5427,1457.5973,366.3681,58.292793,376.3912,65.94548,58.406685
1103.9263,0.043564722,1541.7615,1474.5951,370.66888,57.970936,381.47925,67.16641,58.082237
1116.6892,0.043843668,1560.094,1491.6937,375.0045,57.64609,386.61035,68.40024,57.754864
1129.5098,0.044121113,1578.5432,1508.8961,379.38638,57.318333,391.778,69.64708,57.424633
1142.4039,0.044397056,1597.1091,1526.2023,383.7983,56.98781,396.98846,70.906944,57.09169
1155.3578,0.044671472,1615.786,1543.6064,388.2487,56.654488,402.23328,72.179535,56.756004
1168.388,0.044944342,1634.581,1561.1158,392.72797,56.318638,407.5213,73.465164,56.417847
1181.5095,0.045215666,1653.499,1578.735,397.22537,55.98061,412.8613,74.76405,56.077568
1194.7184,0.04548542,1672.5372,1596.4609,401.7426,55.640327,418.25137,76.07605,55.73508
1208.001,0.045753587,1691.6937,1614.2926,406.2917,55.29783,423.68512,77.40106,55.39043
1221.3634,0.046020184,1710.9629,1632.224,410.86057,54.953106,429.16452,78.73883,55.0436
1234.8097,0.046285175,1730.346,1650.2566,415.44696,54.606102,434.6908,80.08936,54.694534
1248.3436,0.04654856,1749.8431,1668.3905,420.0469,54.257244,440.2659,81.452675,54.343666
1261.9672,0.046810336,1769.4597,1686.6306,424.66345,53.90647,445.89288,82.828995,53.99093
1275.6544,0.04707047,1789.1927,1704.9746,429.3203,53.55391,451.56693,84.218155,53.636444
1289.369,0.04732898,1809.0409,1723.4209,434.05185,53.1997,457.28735,85.620056,53.280365
1303.1578,0.047585823,1828.9963,1741.9622,438.80423,52.84371,463.05148,87.034294,52.922543
1317.0248,0.04784102,1849.0592,1760.5983,443.5736,52.485844,468.87177,88.46087,52.562878
1330.9813,0.048094556,1869.2407,1779.3403,448.35907,52.12664,474.7636,89.9003,52.201923
1345.0309,0.048346426,1889.5381,1798.1857,453.15472,51.766273,480.72476,91.35241,51.839844
1359.1539,0.04859661,1909.9435,1817.1267,457.97263,51.404346,486.72946,92.81677,51.476242
1373.3464,0.048845105,1930.4553,1836.1621,462.8156,51.041027,492.77582,94.2933,51.111294
1387.6223,0.049091917,1951.08,1855.2974,467.67514,50.67664,498.874,95.78224,50.745308
1401.9601,0.049337022,1971.8169,1874.5332,472.57324,50.311108,505.0161,97.28358,50.378212
1416.3502,0.049580414,1992.663,1893.866,477.51566,49.944607,511.19858,98.79706,50.01018
1430.8174,0.049822096,2013.6161,1913.2935,482.4761,49.577076,517.42914,100.32258,49.64117
1445.3464,0.050062057,2034.6752,1932.8153,487.46875,49.208702,523.7053,101.86003,49.27133
1459.9346,0.0503003,2055.8403,1952.431,492.49643,48.83936,530.0277,103.409386,48.900566
1474.601,0.05053682,2077.114,1972.1432,497.54227,48.4694,536.39984,104.970726,48.529213
1489.3398,0.050771594,2098.494,1991.9501,502.61014,48.098675,542.8203,106.54387,48.157127
1504.1504,0.05100465,2119.979,2011.8502,507.69986,47.72742,549.2899,108.12879,47.78455
1519.0413,0.051235955,2141.5732,2031.8475,512.8063,47.355705,555.81085,109.72555,47.411533
1534.0096,0.05146552,2163.2727,2051.9387,517.9292,46.98357,562.38184,111.33396,47.038128
1549.0476,0.051693335,2185.0754,2072.1216,523.0741,46.611004,568.99774,112.95384,46.66432
1564.1512,0.051919412,2206.9888,2092.4033,528.252,46.23828,575.6708,114.585556,46.290382
1579.275,0.052143734,2229.0059,2112.777,533.50195,45.865303,582.37054,116.22868,45.91622
1594.4703,0.0523663,2251.14,2133.2559,538.78564,45.49246,589.14185,117.883865,45.542217
1609.7533,0.0525871,2273.382,2153.8315,544.07825,45.1196,595.97125,119.550575,45.168224
1625.1367,0.052806158,2295.73,2174.5012,549.36456,44.74675,602.86224,121.22868,44.794273
1640.6013,0.053023454,2318.1833,2195.2654,554.664,44.37409,609.80774,122.9181,44.420532
1656.1464,0.05323899,2340.7432,2216.1243,559.978,44.00151,616.807,124.618805,44.046898
1671.701,0.053452775,2363.4045,2237.074,565.373,43.629185,623.8294,126.330536,43.673534
1687.3151,0.053664804,2386.1646,2258.1116,570.7966,43.25695,630.8959,128.05305,43.300297
1703.0024,0.053875078,2409.025,2279.2383,576.23596,42.884995,638.0121,129.78639,42.92736
1718.7585,0.054083593,2431.9797,2300.4495,581.69086,42.51338,645.1758,131.5302,42.554775
1734.5822,0.054290358,2455.0293,2321.7446,587.1624,42.142006,652.38605,133.28441,42.182465
1750.4385,0.054495357,2478.1733,2343.1243,592.686,41.771114,659.6502,135.04893,41.81065
1766.3805,0.054698616,2501.423,2364.5986,598.21814,41.40079,666.9757,136.82439,41.43943
1782.4062,0.054900125,2524.7788,2386.1682,603.76184,41.031193,674.3588,138.61067,41.068954
1798.5112,0.05509988,2548.2358,2407.8284,609.31696,40.662285,681.7974,140.40747,40.69919
1814.6493,0.055297885,2571.7903,2429.5754,614.92615,40.29407,689.26825,142.21455,40.330135
1830.8527,0.05549414,2595.44,2451.4084,620.5557,39.926594,696.7869,144.03172,39.961834
1847.1134,0.055688657,2619.1816,2473.323,626.2096,39.55985,704.349,145.8587,39.594288
1863.392,0.055881426,2643.0168,2495.3213,631.9293,39.193867,711.9315,147.69556,39.227524
1879.7467,0.05607246,2666.948,2517.4058,637.6591,38.82887,719.56866,149.54234,38.86176
1896.1823,0.05626175,2690.9744,2539.5754,643.3931,38.464767,727.2667,151.39893,38.49691
1912.6931,0.056449328,2715.104,2561.8381,649.14514,38.101875,735.02216,153.26581,38.13329
1929.2825,0.056635175,2739.3306,2584.188,654.90546,37.74,742.83386,155.14246,37.770702
1945.945,0.056819286,2763.6497,2606.6213,660.6763,37.37921,750.69885,157.02861,37.40921
1962.6721,0.057001684,2788.0632,2629.139,666.46674,37.01959,758.6188,158.92429,37.048904
1979.4185,0.057182364,2812.5603,2651.7314,672.31305,36.661045,766.5713,160.82884,36.689697
1996.1846,0.05736134,2837.1458,2674.4033,678.21875,36.30362,774.546,162.74248,36.33162
2013.0253,0.0575386,2861.8242,2697.159,684.1336,35.947502,782.57513,164.66536,35.97487
2029.9343,0.057714164,2886.5923,2719.995,690.0608,35.59269,790.6537,166.59726,35.619434
2046.914,0.057888035,2911.4497,2742.9114,695.99756,35.239223,798.7847,168.5381,35.265358
2063.9612,0.058060214,2936.3933,2765.9055,701.9446,34.887054,806.96594,170.48763,34.912594
2081.0828,0.0582307,2961.4204,2788.9749,707.8921,34.536266,815.1992,172.44559,34.561222
2098.2715,0.058399517,2986.5312,2812.1194,713.84796,34.186893,823.4829,174.41197,34.21128
2115.527,0.058566656,3011.7268,2835.34,719.813,33.839012,831.81726,176.38676,33.86285
2132.847,0.058732126,3037.0022,2858.6328,725.78577,33.49259,840.2007,178.3696,33.515884
2150.2295,0.05889593,3062.357,2881.9963,731.76697,33.147617,848.6322,180.36034,33.170383
2167.6372,0.05905808,3087.7896,2905.4307,737.7937,32.804176,857.1112,182.35893,32.826424
2185.083,0.059218585,3113.301,2928.9355,743.8525,32.462334,865.63837,184.36528,32.484077
2202.5923,0.059377436,3138.892,2952.5127,749.9204,32.122066,874.2146,186.37935,32.143314
2220.1606,0.05953466,3164.558,2976.1572,755.99664,31.783373,882.83734,188.4009,31.80414
2237.7473,0.059690252,3190.3005,2999.8706,762.1233,31.446367,891.4918,190.42982,31.466656
2255.3206,0.05984421,3216.12,3023.654,768.3334,31.111095,900.15845,192.46617,31.130924
2272.96,0.059996553,3242.0266,3047.5166,774.55664,30.77768,908.87854,194.51044,30.797058
2290.674,0.06014728,3268.0232,3071.4607,780.7866,30.446114,917.6578,196.56273,30.465052
2308.4702,0.06029641,3294.1094,3095.4866,787.01654,30.116556,926.4987,198.62299,30.135065
2326.342,0.060443938,3320.2795,3119.5884,793.2466,29.788843,935.391,200.69075,29.806932
2344.277,0.060589887,3346.5278,3143.7622,799.4851,29.462976,944.33093,202.76573,29.480652
2362.2505,0.060734257,3372.8557,3168.0078,805.7573,29.13904,953.3281,204.84789,29.156317
2380.26,0.060877047,3399.2437,3192.3076,812.04755,28.81684,962.3568,206.9359,28.833723
2398.3135,0.06101828,3425.6921,3216.6624,818.34875,28.49647,971.42395,209.02985,28.512968
2416.4136,0.061157957,3452.2043,3241.0747,824.661,28.177942,980.5304,211.12976,28.194067
2434.559,0.061296094,3478.7761,3265.5405,830.98175,27.861307,989.6768,213.23538,27.877062
2452.7493,0.06143269,3505.4065,3290.0598,837.3104,27.546577,998.8622,215.34653,27.561977
2470.9856,0.06156777,3532.0962,3314.6328,843.64716,27.233759,1008.1099,217.46327,27.248808
2489.1943,0.061701305,3558.847,3339.2612,850.06696,26.922918,1017.3766,219.5855,26.937624
2507.386,0.06183334,3585.671,3363.9568,856.5708,26.614136,1026.655,221.71402,26.628508
2525.6692,0.06196388,3612.5874,3388.7378,863.06866,26.307571,1036.0042,223.84993,26.321615
2544.0315,0.062092915,3639.586,3413.5933,869.5617,26.003256,1045.4166,225.99248,26.016981
2562.469,0.062220454,3666.6648,3438.5232,876.0544,25.701105,1054.8881,228.14156,25.714518
2580.9443,0.062346514,3693.8132,3463.517,882.5726,25.401037,1064.4036,230.29639,25.414146
2599.476,0.062471107,3721.0337,3488.5767,889.1007,25.103159,1073.9692,232.45708,25.115969
2618.055,0.06259425,3748.3213,3513.698,895.6431,24.807392,1083.5995,234.62335,24.81991
2636.6738,0.06271595,3775.6648,3538.87,902.19653,24.513727,1093.276,236.79439,24.525963
2655.3262,0.0628362,3803.058,3564.0884,908.76227,24.222158,1102.9827,238.96971,24.234112
2674.0164,0.06295502,3830.5115,3589.3616,915.3454,23.932615,1112.7179,241.14993,23.944298
2692.7632,0.063072436,3858.0312,3614.696,921.933,23.645376,1122.5276,243.33542,23.656797
2711.5203,0.06318843,3885.6182,3640.092,928.5716,23.360266,1132.3851,245.52612,23.371424
2730.333,0.06330302,3913.264,3665.5427,935.2095,23.077393,1142.3,247.72142,23.088299
2749.1943,0.06341622,3940.9675,3691.0464,941.85205,22.796644,1152.2709,249.92126,22.8073
2768.0967,0.06352804,3968.719,3716.594,948.4973,22.5181,1162.2825,252.12494,22.528515
2787.0295,0.06363849,3996.5237,3742.1907,955.16125,22.24169,1172.3351,254.33273,22.251867
2805.9866,0.0637476,4024.3796,3767.8352,961.8484,21.967484,1182.4303,256.54453,21.97743
2824.9868,0.06385535,4052.2974,3793.5364,968.54956,21.69552,1192.569,258.76083,21.705242
2844.0215,0.06396176,4080.274,3819.2925,975.2709,21.425795,1202.7456,260.98148,21.435293
2863.1047,0.064066835,4108.301,3845.0945,981.99005,21.158329,1212.9677,263.2058,21.167612
2882.2346,0.064170584,4136.38,3870.9458,988.7112,20.893019,1223.2344,265.4339,20.902092
2901.4048,0.06427302,4164.508,3896.8425,995.4376,20.630007,1233.5452,267.66553,20.638874
2920.614,0.06437416,4192.689,3922.7878,1002.1739,20.369133,1243.899,269.9008,20.377798
2939.8582,0.064473994,4220.913,3948.7744,1008.91614,20.110518,1254.2928,272.13916,20.118984
2959.1174,0.064572565,4249.1826,3974.802,1015.68445,19.85416,1264.7108,274.3806,19.862434
2978.4187,0.06466986,4277.4995,4000.8743,1022.45526,19.600016,1275.1707,276.62527,19.608103
2997.7588,0.06476591,4305.865,4026.9917,1029.2332,19.348083,1285.6705,278.87326,19.355988
3017.1316,0.064860694,4334.275,4053.1511,1036.0192,19.098373,1296.2104,281.12408,19.106094
3036.532,0.06495424,4362.7188,4079.3418,1042.8097,18.850853,1306.8215,283.3771,18.8584
3055.9639,0.06504657,4391.1997,4105.5674,1049.6031,18.605595,1317.468,285.63248,18.612972
3075.4277,0.06513766,4419.7163,4131.826,1056.3984,18.362469,1328.1493,287.88998,18.369677
3094.9248,0.06522756,4448.271,4158.1216,1063.1965,18.121601,1338.8661,290.14987,18.128645
3114.422,0.06531625,4476.8574,4184.446,1070.0239,17.882921,1349.6061,292.41156,17.889805
3133.9614,0.06540375,4505.4937,4210.818,1076.8563,17.646536,1360.3904,294.6762,17.653263
3153.4465,0.06549009,4534.1763,4237.2324,1083.7863,17.412437,1371.1584,296.9436,17.419012
3172.9714,0.06557524,4562.8994,4263.6865,1090.7145,17.180538,1381.9672,299.21323,17.186964
3192.533,0.06565924,4591.6597,4290.175,1097.6418,16.950857,1392.8136,301.4849,16.957136
3212.131,0.065742105,4620.459,4316.7,1104.5691,16.723362,1403.6982,303.7587,16.7295
3231.7559,0.06582382,4649.284,4343.251,1111.4949,16.498138,1414.6149,306.03366,16.504137
3251.4111,0.06590442,4678.141,4369.831,1118.4198,16.2751,1425.566,308.3102,16.280962
3271.0977,0.065983914,4707.0312,4396.4434,1125.3456,16.054173,1436.5518,310.58835,16.059902
3290.8127,0.06606228,4735.9507,4423.083,1132.2703,15.835491,1447.5697,312.8677,15.841088
3310.5522,0.06613956,4764.895,4449.7466,1139.1946,15.618952,1458.6184,315.14804,15.62442
3330.317,0.06621575,4793.864,4476.434,1146.1174,15.404625,1469.6981,317.4293,15.40997
3350.108,0.06629088,4822.8594,4503.148,1153.0402,15.192467,1480.8092,319.7116,15.19769
3369.925,0.066364944,4851.8833,4529.888,1159.9631,14.982428,1491.9543,321.99496,14.987532
3389.7668,0.066437945,4880.927,4556.648,1166.881,14.774522,1503.1343,324.27875,14.779511
3409.633,0.06650991,4909.989,4583.426,1173.7928,14.568809,1514.3507,326.56293,14.573684
3429.522,0.06658084,4939.0684,4610.221,1180.6991,14.365189,1525.5898,328.8473,14.369953
3449.4436,0.066650756,4968.1816,4637.0483,1187.6049,14.163745,1536.8606,331.13306,14.168401
3469.4255,0.06671966,4997.3286,4663.9087,1194.483,13.964483,1548.1915,333.42004,13.969033
3489.4563,0.06678755,5026.5044,4690.797,1201.3402,13.767334,1559.5719,335.7079,13.771781
3509.5212,0.06685446,5055.7065,4717.71,1208.1888,13.572314,1570.9904,337.99652,13.57666
3529.491,0.06692038,5084.9326,4744.647,1215.1562,13.379359,1582.4,340.2856,13.383607
3549.2114,0.066985324,5114.1787,4771.604,1222.3928,13.18857,1593.6948,342.57492,13.192721
3569.0144,0.06704932,5143.461,4798.5957,1229.5814,12.999838,1605.063,344.86557,13.003894
3588.8628,0.06711238,5172.784,4825.6265,1236.7635,12.813263,1616.4917,347.15784,12.817226
3608.768,0.06717448,5202.148,4852.6963,1243.9282,12.628777,1627.9769,349.45157,12.63265
3628.7034,0.06723566,5231.5474,4879.801,1251.0974,12.446387,1639.5139,351.74655,12.450173
3648.6626,0.06729592,5260.9624,4906.921,1258.2583,12.266107,1651.0818,354.04126,12.269806
3668.652,0.06735525,5290.401,4934.0645,1265.4121,12.087832,1662.6842,356.33627,12.091449
3688.6702,0.0674137,5319.862,4961.2305,1272.5602,11.911568,1674.3198,358.6316,11.9151
3708.7078,0.06747127,5349.3364,4988.4097,1279.7019,11.737351,1685.9834,360.92654,11.740804
3728.766,0.06752796,5378.8267,5015.6055,1286.8394,11.565092,1697.6749,363.2212,11.568466
3748.8467,0.067583784,5408.336,5042.82,1293.9734,11.394814,1709.3945,365.5158,11.398111
3768.9412,0.06763875,5437.8525,5070.043,1301.1018,11.226497,1721.1383,367.8095,11.229719
3789.048,0.06769286,5467.3804,5097.278,1308.2297,11.060143,1732.8922,370.10263,11.0632925
3809.1355,0.067746125,5496.9277,5124.5327,1315.3972,10.895736,1744.655,372.39557,10.898814
3829.2197,0.067798555,5526.5,5151.8115,1322.5919,10.733321,1756.4426,374.68872,10.736329
3849.3386,0.06785016,5556.095,5179.1133,1329.7747,10.572851,1768.2684,376.98193,10.57579
3869.4858,0.06790098,5585.709,5206.434,1336.9481,10.414296,1780.1271,379.27512,10.417169
3889.653,0.06795098,5615.3306,5233.7637,1344.1105,10.257679,1792.0132,381.5672,10.260486
3909.8384,0.0680002,5644.9634,5261.105,1351.2665,10.102952,1803.9259,383.85867,10.105696
3930.0386,0.06804864,5674.601,5288.452,1358.4135,9.950079,1815.8629,386.1489,9.95276
3950.2585,0.06809632,5704.253,5315.8145,1365.5558,9.799044,1827.8252,388.43866,9.801664
3970.4902,0.06814322,5733.9097,5343.1826,1372.6923,9.649841,1839.81,390.72708,9.652402
3990.726,0.068189375,5763.56,5370.5464,1379.8206,9.502502,1851.8123,393.01355,9.505006
4010.908,0.06823478,5793.2173,5397.918,1387.0101,9.356945,1863.7911,395.2989,9.35939
4031.0852,0.06827944,5822.8687,5425.286,1394.2009,9.213147,1875.7798,397.58218,9.215537
4051.2573,0.068323396,5852.506,5452.6426,1401.3856,9.071171,1887.791,399.86307,9.073506
4071.448,0.06836663,5882.1294,5479.9883,1408.5405,8.930954,1899.8098,402.1414,8.933237
4091.6704,0.068409145,5911.771,5507.352,1415.6816,8.792503,1911.8634,404.4192,8.794734
4111.905,0.068450965,5941.416,5534.7197,1422.8148,8.6558075,1923.9387,406.69565,8.657989
4132.1333,0.06849211,5971.066,5562.094,1429.9614,8.520866,1936.021,408.97086,8.522996
4152.3687,0.06853254,6000.713,5589.4688,1437.0997,8.3876505,1948.1222,411.24408,8.389732
4172.612,0.068572335,6030.357,5616.842,1444.2294,8.256151,1960.2413,413.5157,8.258185
4192.8203,0.06861145,6060.0005,5644.2153,1451.3945,8.126305,1972.348,415.78537,8.128292
4212.987,0.068649925,6089.6284,5671.576,1458.5889,7.9981146,1984.4285,418.05258,8.000056
4233.105,0.06868773,6119.2446,5698.9277,1465.8223,7.8716164,1996.5005,420.317,7.8735156
4253.2334,0.068724915,6148.863,5726.282,1473.049,7.746788,2008.6099,422.58005,7.7486434
4273.4023,0.068761475,6178.502,5753.6587,1480.257,7.6235795,2020.7595,424.8429,7.625393
4293.5957,0.06879741,6208.1494,5781.0444,1487.4489,7.5020194,2032.9393,427.10458,7.503791
4313.8013,0.068832725,6237.789,5808.4243,1494.6232,7.382112,2045.1405,429.364,7.3838444
4334.0176,0.06886743,6267.4243,5835.8027,1501.785,7.2637796,2057.3625,431.62143,7.265472
4354.25,0.068901554,6297.065,5863.188,1508.9374,7.1470246,2069.6062,433.87756,7.148679
4374.4854,0.06893507,6326.696,5890.5645,1516.0796,7.0318136,2081.8643,436.1312,7.0334296
4394.7085,0.06896803,6356.311,5917.9287,1523.2198,6.9181747,2094.1428,438.38226,6.919754
4414.9004,0.06900041,6385.919,5945.288,1530.3875,6.8060584,2106.458,440.631,6.807602
4435.079,0.06903222,6415.5005,5972.624,1537.545,6.695478,2118.7776,442.87628,6.6969867
4455.2544,0.069063485,6445.071,5999.9517,1544.6973,6.5863905,2131.1055,445.11908,6.5878644
4475.419,0.069094196,6474.6206,6027.2617,1551.8423,6.478792,2143.4382,447.3587,6.480233
4495.582,0.06912438,6504.1587,6054.5625,1558.9811,6.3726435,2155.781,449.59595,6.3740516
4515.737,0.069154024,6533.6777,6081.847,1566.111,6.267953,2168.13,451.8301,6.269329
4535.88,0.06918315,6563.1714,6109.11,1573.2299,6.164743,2180.4846,454.06085,6.1660876
4556.0186,0.069211744,6592.65,6136.3613,1580.3425,6.062953,2192.846,456.28882,6.064267
4576.1406,0.06923985,6622.1016,6163.5884,1587.4475,5.962592,2205.2075,458.5133,5.963876
4596.263,0.06926742,6651.544,6190.8086,1594.5453,5.8636184,2217.5806,460.7353,5.8648734
4616.383,0.06929452,6680.9688,6218.014,1601.6315,5.7660456,2229.9612,462.9545,5.767272
4636.488,0.06932115,6710.3613,6245.1914,1608.7037,5.669864,2242.3467,465.16995,5.671063
4656.55,0.069347285,6739.7393,6272.3564,1615.8069,5.5750403,2254.71,467.38263,5.576212
4676.5884,0.06937294,6769.1055,6299.513,1622.9243,5.481587,2267.062,469.5927,5.4827323
4696.6597,0.06939814,6798.467,6326.6655,1630.0056,5.3894577,2279.4453,471.80093,5.3905764
4716.7056,0.06942288,6827.7993,6353.793,1637.0879,5.2986336,2291.8276,474.00546,5.299727
4736.688,0.06944716,6857.102,6380.896,1644.2074,5.2091236,2304.1624,476.20627,5.210192
4756.683,0.069470994,6886.396,6407.991,1651.3082,5.1208887,2316.5159,478.4048,5.121933
4776.6826,0.069494404,6915.6753,6435.0747,1658.3918,5.0339465,2328.8843,480.60074,5.034967
4796.679,0.06951738,6944.9326,6462.139,1665.4596,4.9482913,2341.2617,482.7935,4.949289
4816.6763,0.06953992,6974.1753,6489.192,1672.5153,4.8638697,2353.6497,484.98358,4.8648434
4836.6646,0.06956205,7003.392,6516.2217,1679.557,4.7806897,2366.0427,487.17032,4.7816415
4856.6416,0.06958377,7032.58,6543.227,1686.585,4.698737,2378.438,489.35345,4.699668
4876.613,0.06960508,7061.7476,6570.214,1693.6011,4.617986,2390.8398,491.53354,4.618896
4896.5713,0.069625996,7090.889,6597.1787,1700.6074,4.538424,2403.2434,493.7102,4.539313
4916.447,0.06964653,7119.997,6624.1143,1707.6672,4.460062,2415.6282,495.88312,4.460931
4936.3086,0.06966666,7149.0806,6651.028,1714.7196,4.38284,2428.0125,498.0526,4.383689
4956.1357,0.06968641,7178.1113,6677.895,1721.7589,4.3068185,2440.3843,500.21683,4.3076487
4975.9536,0.06970581,7207.127,6704.749,1728.7952,4.231894,2452.7568,502.3786,4.232705
4995.6694,0.06972484,7236.0977,6731.5625,1735.8925,4.1581182,2465.0706,504.53583,4.15891
5015.378,0.0697435,7265.056,6758.365,1742.9872,4.0854583,2477.3884,506.6904,4.086232
5035.0957,0.06976179,7293.9985,6785.1562,1750.0607,4.013911,2489.7224,508.8424,4.0146675
5054.8125,0.06977973,7322.913,6811.922,1757.1095,3.94348,2502.067,510.9909,3.9442194
5074.533,0.06979735,7351.814,6838.677,1764.1438,3.8741055,2514.4233,513.13715,3.8748279
5094.2476,0.06981462,7380.6895,6865.4097,1771.1619,3.8057911,2526.7852,515.28,3.8064978
5113.9478,0.06983157,7409.529,6892.11,1778.1626,3.738537,2539.147,517.41907,3.739227
5133.629,0.06984818,7438.3306,6918.777,1785.1475,3.6723442,2551.5068,519.55383,3.6730185
5153.298,0.0698645,7467.103,6945.4175,1792.1195,3.6071498,2563.8662,521.68536,3.6078088
5173.0127,0.06988049,7495.8423,6972.0293,1799.0165,3.5429752,2576.2607,523.8132,3.5436194
5192.698,0.06989616,7524.5376,6998.6016,1805.903,3.4798067,2588.6506,525.93634,3.480436
5212.3604,0.06991154,7553.2036,7025.147,1812.787,3.4175901,2601.0425,528.0561,3.4182053
5231.963,0.06992662,7581.7954,7051.626,1819.6627,3.3563814,2613.4038,530.1693,3.3569827
5251.528,0.06994141,7610.339,7078.0615,1826.5333,3.2961218,2625.7456,532.27783,3.2967095
5271.075,0.0699559,7638.861,7104.4775,1833.4026,3.2367618,2638.0803,534.38336,3.237336
5290.584,0.069970116,7667.325,7130.8413,1840.2573,3.1783662,2650.3984,536.48364,3.1789272
5310.071,0.06998405,7695.7554,7157.1753,1847.1046,3.1208735,2662.7078,538.58014,3.1214218
5329.529,0.069997706,7724.149,7183.476,1853.9474,3.0642838,2674.998,540.6727,3.0648198
5348.973,0.07001108,7752.5063,7209.7446,1860.7716,3.0086124,2687.2786,542.76135,3.009136
5368.4043,0.07002421,7780.8145,7235.9697,1867.5654,2.953847,2699.5286,544.84534,2.9543586
5387.8174,0.07003708,7809.083,7262.158,1874.341,2.8999987,2711.7822,546.9254,2.9004989
5407.2124,0.0700497,7837.32,7288.3174,1881.1056,2.8470056,2724.0393,549.00195,2.8474946
5426.587,0.07006206,7865.519,7314.445,1887.858,2.7948647,2736.289,551.0745,2.7953427
5445.936,0.07007418,7893.673,7340.53,1894.5934,2.7435834,2748.5308,553.14264,2.7440505
5465.265,0.07008607,7921.8022,7366.594,1901.3291,2.693098,2760.7686,555.208,2.6935542
5484.4795,0.07009772,7949.8706,7392.6025,1908.1232,2.6434684,2772.9626,557.2678,2.643914
5503.659,0.07010913,7977.902,7418.5786,1914.9187,2.5946438,2785.1377,559.3237,2.5950797
5522.7485,0.07012032,8005.8877,7444.5117,1921.7635,2.5466142,2797.274,561.3754,2.5470397
5541.7964,0.070131294,8033.837,7470.413,1928.6166,2.4993877,2809.3906,563.42334,2.4998038
5560.8394,0.07014204,8061.763,7496.295,1935.4554,2.4529054,2821.5105,565.4685,2.4533122
5579.8525,0.07015258,8089.632,7522.124,1942.2715,2.407225,2833.6187,567.50854,2.407622
5598.8506,0.07016291,8117.4683,7547.924,1949.0734,2.3622897,2845.7234,569.5452,2.362678
5617.806,0.07017303,8145.261,7573.6836,1955.877,2.3180938,2857.7856,571.57764,2.3184736
5636.72,0.070182964,8173.012,7599.4062,1962.6858,2.2746456,2869.7947,573.6062,2.2750165
5655.621,0.07019269,8200.72,7625.09,1969.4683,2.2319424,2881.8044,575.63055,2.232305
5674.521,0.070202224,8228.41,7650.7573,1976.2362,2.189927,2893.8188,577.65265,2.1902816
5693.3677,0.07021156,8256.031,7676.3623,1982.9943,2.1486528,2905.807,579.6688,2.148999
5712.1587,0.070220724,8283.624,7701.9424,1989.7834,2.1080654,2917.763,581.6821,2.1084037
5730.96,0.070229694,8311.191,7727.499,1996.5387,2.06817,2929.7356,583.69244,2.0685005
5749.7603,0.0702385,8338.727,7753.027,2003.2671,2.0289583,2941.715,585.69965,2.0292814
5768.5684,0.070247136,8366.252,7778.547,2009.9783,1.99038,2953.7053,587.70526,1.9906958
5787.3467,0.070255585,8393.715,7804.01,2016.663,1.9524848,2965.685,589.7053,1.9527934
5806.115,0.07026387,8421.15,7829.4478,2023.3326,1.9152124,2977.6626,591.7026,1.9155139
5824.841,0.070272,8448.514,7854.82,2029.9786,1.878621,2989.62,593.6939,1.8789155
5843.5435,0.07027995,8475.83,7880.149,2036.6051,1.842657,3001.569,595.6809,1.842945
5862.2104,0.07028776,8503.091,7905.4277,2043.2168,1.8073117,3013.5,597.6632,1.8075931
5880.8813,0.07029541,8530.335,7930.692,2049.8103,1.7725347,3025.4329,599.6434,1.7728097
5899.5137,0.0703029,8557.518,7955.899,2056.385,1.7383785,3037.3425,601.61835,1.7386472
5918.109,0.07031025,8584.662,7981.0728,2062.9639,1.7047908,3049.2039,603.5898,1.7050536
5936.642,0.07031745,8611.726,8006.171,2069.5288,1.6718136,3061.0295,605.55457,1.6720704
5955.1313,0.07032451,8638.73,8031.2153,2076.0842,1.6394022,3072.829,607.51447,1.639653
5973.556,0.07033144,8665.685,8056.2144,2082.658,1.6075479,3084.6133,609.4701,1.6077931
5991.9175,0.07033825,8692.579,8081.1587,2089.241,1.5762571,3096.362,611.4208,1.5764967
6010.2583,0.07034492,8719.42,8106.0527,2095.7942,1.5455265,3108.1047,613.3668,1.5457606
6028.5767,0.07035146,8746.207,8130.898,2102.3215,1.5153544,3119.8396,615.3084,1.5155833
6046.875,0.07035786,8772.966,8155.7188,2108.8445,1.4856879,3131.5623,617.24713,1.4859115
6065.1265,0.07036414,8799.659,8180.4795,2115.3525,1.4565786,3143.2588,619.1805,1.4567971
6083.3716,0.07037031,8826.325,8205.215,2121.8425,1.4279726,3154.9495,621.11127,1.4281862
6101.5723,0.070376344,8852.955,8229.917,2128.3445,1.3998659,3166.582,623.03864,1.4000746
6119.7236,0.07038227,8879.52,8254.558,2134.8342,1.3722581,3178.1855,624.9607,1.3724622
6137.833,0.07038809,8906.024,8279.146,2141.313,1.3451451,3189.7642,626.87805,1.3453445
6155.893,0.0703938,8932.457,8303.667,2147.774,1.318526,3201.3147,628.7896,1.3187208
6173.9023,0.07039939,8958.815,8328.12,2154.2183,1.2923992,3212.836,630.6951,1.2925895
6191.8936,0.070404895,8985.1455,8352.547,2160.6536,1.266714,3224.346,632.5982,1.2669
6209.8286,0.0704103,9011.395,8376.898,2167.0698,1.2415167,3235.8247,634.4949,1.2416985
6227.736,0.07041558,9037.596,8401.209,2173.473,1.2167603,3247.2878,636.3875,1.2169379
6245.619,0.070420764,9063.758,8425.481,2179.8623,1.1924372,3258.736,638.2768,1.1926107
6263.428,0.070425875,9089.865,8449.702,2186.2744,1.1685487,3270.144,640.1617,1.1687185
6281.227,0.070430875,9115.939,8473.896,2192.6697,1.1450971,3281.551,642.04364,1.1452628
6299.0117,0.07043578,9141.966,8498.044,2199.0322,1.1220759,3292.9578,643.92145,1.1222379
6316.7744,0.07044061,9167.938,8522.143,2205.3687,1.099487,3304.356,645.79517,1.0996453
6334.504,0.07044536,9193.847,8546.184,2211.6792,1.0773283,3315.7393,647.6638,1.077483
6352.1904,0.07045001,9219.681,8570.154,2217.9639,1.0555938,3327.0981,649.5266,1.0557452
6369.8623,0.07045458,9245.487,8594.1,2224.2368,1.0342352,3338.4504,651.3869,1.0343829
6387.5244,0.07045908,9271.265,8618.0205,2230.4963,1.0132486,3349.7979,653.2448,1.013393
6405.1216,0.070463516,9296.944,8641.849,2236.727,0.9926849,3361.109,655.09546,0.99282604
6422.6895,0.07046785,9322.576,8665.634,2242.9448,0.97248805,3372.4028,656.9419,0.972626
6440.2314,0.070472136,9348.165,8689.381,2249.1492,0.9526623,3383.681,658.78516,0.9527971
6457.707,0.07047633,9373.688,8713.065,2255.3582,0.93320054,3394.916,660.6232,0.93333226
6475.1406,0.07048044,9399.154,8736.697,2261.5566,0.9141048,3406.1248,662.45654,0.9142336
6492.5186,0.07048452,9424.54,8760.256,2267.7363,0.8953711,3417.3,664.2841,0.89549685
6509.8535,0.070488505,9449.86,8783.753,2273.9,0.87699896,3428.449,666.1065,0.8771219
6527.126,0.07049244,9475.09,8807.168,2280.0413,0.8589853,3439.564,667.9222,0.85910547
6544.393,0.0704963,9500.306,8830.569,2286.176,0.84128386,3450.671,669.7364,0.84140134
6561.5938,0.070500106,9525.425,8853.882,2292.2874,0.82393557,3461.7405,671.5435,0.8240503
6578.7764,0.07050387,9550.514,8877.166,2298.3887,0.8068965,3472.799,673.34814,0.8070087
6595.8887,0.07050754,9575.494,8900.35,2304.4607,0.7902076,3483.8171,675.14453,0.79031724
6612.996,0.070511185,9600.437,8923.499,2310.503,0.7738239,3494.8394,676.9382,0.773931
6630.0693,0.07051475,9625.325,8946.598,2316.528,0.75774145,3505.8406,678.7274,0.7578461
6647.1006,0.070518285,9650.156,8969.644,2322.5432,0.74196005,3516.8162,680.5125,0.74206233
6664.096,0.07052177,9674.933,8992.64,2328.543,0.7264781,3527.7676,682.29333,0.72657806
6681.0444,0.0705252,9699.64,9015.571,2334.5266,0.7112919,3538.6917,684.069,0.71138954
6697.9443,0.07052858,9724.274,9038.436,2340.492,0.69640154,3549.585,685.8393,0.696497
6714.7954,0.070531905,9748.837,9061.232,2346.4373,0.68180496,3560.4514,687.604,0.6818983
6731.5938,0.0705352,9773.318,9083.955,2352.3616,0.66750133,3571.285,689.363,0.6675925
6748.394,0.070538454,9797.792,9106.671,2358.277,0.6534434,3582.117,691.1211,0.65353245
6765.13,0.07054165,9822.172,9129.3,2364.1702,0.6396732,3592.9087,692.8722,0.63976026
6781.8,0.07054481,9846.452,9151.837,2370.0361,0.6261914,3603.6611,694.61615,0.62627643
6798.4507,0.07054794,9870.704,9174.346,2375.8943,0.61294895,3614.4,696.3578,0.61303216
6815.0312,0.070551,9894.847,9196.756,2381.7246,0.599992,3625.0981,698.0914,0.6000733
6831.591,0.07055404,9918.96,9219.138,2387.5469,0.58727163,3635.782,699.82275,0.587351
6848.1245,0.07055706,9943.029,9241.479,2393.3542,0.5747876,3646.449,701.55096,0.5748652
6864.6304,0.07056002,9967.056,9263.78,2399.15,0.562539,3657.0977,703.27563,0.56261486
6881.0483,0.070562966,9990.948,9285.957,2404.9087,0.5505667,3667.6965,704.99097,0.5506409
6897.4243,0.07056587,10014.781,9308.08,2410.6558,0.5388264,3678.2686,706.7018,0.5388989
6913.7505,0.07056875,10038.557,9330.147,2416.3977,0.5273159,3688.8005,708.4083,0.52738667
6930.042,0.07057159,10062.27,9352.159,2422.1165,0.51603436,3699.3127,710.1103,0.5161035
6946.295,0.07057441,10085.913,9374.105,2427.8113,0.50498015,3709.8044,711.8074,0.5050478
6962.568,0.07057718,10109.58,9396.074,2433.5056,0.4941094,3720.3042,713.5057,0.4941755
6978.7837,0.07057994,10133.162,9417.964,2439.18,0.4834631,3730.7722,715.198,0.48352772
6994.929,0.070582666,10156.657,9439.773,2444.8445,0.4730392,3741.201,716.884,0.47310233
7010.9946,0.07058539,10180.048,9461.485,2450.491,0.46283597,3751.578,718.5627,0.46289766
7027.056,0.07058806,10203.433,9483.192,2456.1365,0.45281082,3761.9504,720.2405,0.4528711
7043.062,0.070590705,10226.703,9504.793,2461.7307,0.44300267,3772.3054,721.91016,0.4430616
7059.049,0.07059333,10249.95,9526.371,2467.3223,0.43336987,3782.6433,723.57806,0.43342745
7074.953,0.070595935,10273.083,9547.845,2472.8918,0.4239514,3792.9329,725.2379,0.42400765
7090.8374,0.070598535,10296.188,9569.292,2478.4553,0.41470626,3803.2048,726.8959,0.41476122
7106.633,0.07060111,10319.164,9590.619,2483.9866,0.40567264,3813.4253,728.54443,0.40572637
7122.4062,0.070603654,10342.107,9611.917,2489.511,0.39680877,3823.6292,730.19055,0.39686128
7138.152,0.070606194,10365.011,9633.176,2495.0244,0.38811448,3833.8127,731.8339,0.3881658
7153.796,0.07060872,10387.764,9654.298,2500.502,0.3796272,3843.939,733.46674,0.37967733
7169.4126,0.070611216,10410.476,9675.379,2505.9663,0.37130594,3854.0454,735.0964,0.37135494
7184.995,0.07061369,10433.133,9696.411,2511.416,0.36314893,3864.129,736.7219,0.36319682
7200.5396,0.07061616,10455.735,9717.391,2516.8518,0.3551557,3874.1887,738.34393,0.35520253
7216.0396,0.07061862,10478.2705,9738.31,2522.2703,0.3473247,3884.22,739.9611,0.34737045
7231.4966,0.070621066,10500.741,9759.169,2527.6714,0.33965424,3894.2236,741.57355,0.33969897
7246.9062,0.07062349,10523.14,9779.959,2533.0525,0.33214423,3904.197,743.18085,0.33218792
7262.2666,0.0706259,10545.463,9800.681,2538.4143,0.32479194,3914.141,744.78284,0.32483467
7277.5723,0.0706283,10567.705,9821.326,2543.7544,0.31759703,3924.051,746.37897,0.31763875
7292.8213,0.07063071,10589.861,9841.893,2549.0715,0.31055757,3933.9265,747.9695,0.31059834
7308.0845,0.07063308,10612.036,9862.475,2554.391,0.3036354,3943.806,749.56085,0.30367523
7323.287,0.07063546,10634.121,9882.975,2559.688,0.29686654,3953.6475,751.14606,0.29690546
7338.4155,0.07063781,10656.097,9903.373,2564.9583,0.29024935,3963.445,752.72327,0.2902874
7353.5566,0.07064016,10678.086,9923.784,2570.2278,0.28374603,3973.2456,754.3017,0.28378323
7368.6206,0.0706425,10699.965,9944.093,2575.4717,0.2773924,3982.9993,755.8723,0.27742875
7383.6045,0.07064484,10721.723,9964.289,2580.6838,0.2711866,3992.706,757.43445,0.27122214
7398.564,0.070647165,10743.485,9984.488,2585.9246,0.26509187,4002.3826,758.99677,0.2651266
7413.429,0.0706495,10765.112,10004.5625,2591.1335,0.2591429,4012.0051,760.5498,0.25917688
7428.297,0.07065181,10786.738,10024.636,2596.339,0.2533025,4021.6243,762.10254,0.25333565
7443.1387,0.07065411,10808.351,10044.697,2601.558,0.24756996,4031.22,763.6544,0.24760239
7457.905,0.07065642,10829.835,10064.638,2606.7324,0.24197945,4040.7737,765.1973,0.24201114
7472.684,0.070658706,10851.311,10084.571,2611.8872,0.23649585,4050.3381,766.7395,0.23652679
7487.3774,0.07066101,10872.647,10104.376,2616.9978,0.23115182,4059.8577,768.2723,0.23118208
7502.0596,0.0706633,10893.952,10124.15,2622.0906,0.22591153,4069.3677,769.8027,0.22594108
7516.731,0.070665576,10915.236,10143.905,2627.1738,0.22077397,4078.8716,771.3314,0.22080286
7531.3833,0.07066787,10936.483,10163.625,2632.2415,0.21573792,4088.3599,772.85803,0.21576615
7546.021,0.07067015,10957.703,10183.321,2637.3,0.21080321,4097.838,774.38257,0.21083078
7560.5273,0.07067242,10978.731,10202.839,2642.3108,0.20600231,4107.241,775.89355,0.20602927
