kx,MATx,MUOx,MLOx,TATx,TOCx,zetax,chix,taux
223.00183,850.0,770.0,1444.0,1.1,0.26,1.0,0.0,0.0
228.09947,856.00165,773.38586,1445.3722,1.216705,0.26563638,1.0,0.0,0.014888048
233.61539,861.99286,776.9179,1446.7709,1.317867,0.27201805,1.0,0.0,0.029554427
239.51862,867.9864,780.58417,1448.1974,1.4063779,0.2790357,1.0,0.0,0.044002473
245.79234,873.9931,784.37445,1449.6528,1.484596,0.28660014,1.0,0.0,0.058235407
252.42502,880.022,788.2804,1451.1383,1.554446,0.2946387,1.0,0.0,0.072256446
259.38654,886.08057,792.29443,1452.6547,1.6174978,0.303092,1.0,0.0,0.08606875
266.68692,892.17487,796.41046,1454.203,1.6750321,0.31191167,1.0,0.0,0.09967542
274.3083,898.31,800.623,1455.784,1.7280941,0.3210582,1.0,0.0,0.11307949
282.22235,904.4903,804.9276,1457.3987,1.777536,0.33049944,1.0,0.0,0.126284
290.40283,910.7187,809.32025,1459.0475,1.8240529,0.34020907,1.0,0.0,0.13929194
298.8638,916.9973,813.7976,1460.7313,1.8682114,0.35016567,1.0,0.0,0.15210623
307.60196,923.32806,818.35645,1462.4507,1.9104728,0.36035174,1.0,0.0,0.16472971
316.5891,929.71216,822.99426,1464.2062,1.9512129,0.37075305,1.0,0.0,0.17716527
325.8127,936.15045,827.7086,1465.9987,1.9907377,0.38135794,1.0,0.0,0.1894157
335.27563,942.643,832.4974,1467.8286,2.0292954,0.39215687,1.0,0.0,0.20148373
344.98785,949.18976,837.3585,1469.6964,2.067088,0.40314206,1.0,0.0,0.21337211
354.92416,955.7908,842.29034,1471.6028,2.1042786,0.41430715,1.0,0.0,0.22508347
365.08676,962.4453,847.2912,1473.5482,2.1409996,0.42564687,1.0,0.0,0.23662049
375.46292,969.15283,852.3594,1475.533,2.1773577,0.43715692,1.0,0.0,0.24798572
386.04984,975.9122,857.49347,1477.5577,2.2134387,0.44883367,1.0,0.0,0.25918174
396.8617,982.7223,862.692,1479.623,2.2493114,0.46067417,1.0,0.0,0.2702111
407.8804,989.5823,867.9536,1481.7291,2.2850304,0.47267592,1.0,0.0,0.28107625
419.1067,996.4908,873.27686,1483.8767,2.3206394,0.48483682,1.0,0.0,0.29177964
430.5407,1003.4465,878.6604,1486.0659,2.3561726,0.49715507,1.0,0.0,0.3023237
442.1853,1010.4479,884.1029,1488.2972,2.3916562,0.5096291,1.0,0.0,0.31271076
454.01837,1017.4936,889.6031,1490.5712,2.4271111,0.5222575,1.0,0.0,0.32294315
466.04526,1024.582,895.1596,1492.8878,2.462553,0.53503907,1.0,0.0,0.33302325
478.27075,1031.7115,900.7712,1495.2478,2.497993,0.5479727,1.0,0.0,0.34295326
490.6956,1038.8806,906.4365,1497.6515,2.5334387,0.5610573,1.0,0.0,0.35273546
503.32135,1046.0874,912.1542,1500.0991,2.5688956,0.574292,1.0,0.0,0.36237198
516.1425,1053.3306,917.9229,1502.5908,2.6043673,0.5876758,1.0,0.0,0.37186503
529.1745,1060.6084,923.7414,1505.1271,2.6398544,0.6012078,1.0,0.0,0.38121676
542.4158,1067.9194,929.60834,1507.7083,2.6753578,0.6148871,1.0,0.0,0.39042926
555.8429,1075.2622,935.52234,1510.3346,2.710876,0.6287129,1.0,0.0,0.3995046
569.4705,1082.6346,941.482,1513.0062,2.7464073,0.6426842,1.0,0.0,0.40844482
583.29535,1090.0354,947.4861,1515.7235,2.781949,0.6568002,1.0,0.0,0.41725194
597.3145,1097.4626,953.5332,1518.4866,2.8174987,0.67105997,1.0,0.0,0.42592794
611.5365,1104.9148,959.62195,1521.2959,2.8530521,0.68546253,1.0,0.0,0.43447477
625.9486,1112.3904,965.751,1524.1515,2.8886056,0.7000071,1.0,0.0,0.44289434
640.5644,1119.8875,971.919,1527.0533,2.924155,0.7146926,1.0,0.0,0.45118856
655.37604,1127.4045,978.1246,1530.002,2.959696,0.72951806,1.0,0.0,0.4593593
670.3793,1134.9402,984.36633,1532.9973,2.9952245,0.7444826,1.0,0.0,0.46740842
685.59656,1142.4924,990.64294,1536.0398,3.0307357,0.7595851,1.0,0.0,0.47533768
701.0221,1150.0599,996.95306,1539.1294,3.0662255,0.7748245,1.0,0.0,0.48314893
716.6542,1157.6411,1003.2953,1542.2661,3.1016893,0.7901998,1.0,0.0,0.49084383
732.4919,1165.2346,1009.6681,1545.4502,3.137123,0.8057099,1.0,0.0,0.49842417
748.5264,1172.8387,1016.0704,1548.6818,3.1725225,0.8213537,1.0,0.0,0.5058917
764.7641,1180.4519,1022.5006,1551.9607,3.2078831,0.83713,1.0,0.0,0.513248
781.197,1188.0726,1028.9575,1555.2874,3.2432008,0.8530378,1.0,0.0,0.5204948
797.8396,1195.6996,1035.4397,1558.6616,3.2784717,0.8690758,1.0,0.0,0.5276337
814.6685,1203.3309,1041.9458,1562.0836,3.313692,0.8852428,1.0,0.0,0.53466636
831.70337,1210.9651,1048.4746,1565.5533,3.3488574,0.9015377,1.0,0.0,0.54159427
848.9564,1218.6006,1055.0244,1569.0708,3.383964,0.9179592,1.0,0.0,0.54841906
866.4185,1226.2363,1061.5941,1572.636,3.4190085,0.9345061,1.0,0.0,0.5551423
884.08905,1233.8706,1068.1825,1576.2489,3.453987,0.9511771,1.0,0.0,0.5617654
901.95685,1241.5023,1074.7881,1579.9094,3.488896,0.96797097,1.0,0.0,0.5682899
920.03284,1249.1296,1081.4094,1583.6178,3.5237324,0.9848864,1.0,0.0,0.5747172
938.31415,1256.7516,1088.0455,1587.3738,3.5584927,1.001922,1.0,0.0,0.58104885
956.79803,1264.3662,1094.6948,1591.1772,3.5931742,1.0190766,1.0,0.0,0.58728623
975.49976,1271.9728,1101.3561,1595.0283,3.6277738,1.0363488,1.0,0.0,0.59343076
994.41833,1279.5695,1108.028,1598.9268,3.662288,1.0537374,1.0,0.0,0.59948385
1013.56476,1287.1552,1114.7094,1602.8726,3.6967142,1.0712408,1.0,0.0,0.60544676
1032.9102,1294.7286,1121.3988,1606.8656,3.7310493,1.0888578,1.0,0.0,0.6113209
1052.4584,1302.2885,1128.0951,1610.9058,3.7652912,1.1065869,1.0,0.0,0.6171076
1072.2289,1309.8333,1134.7971,1614.9929,3.7994375,1.1244268,1.0,0.0,0.62280816
1092.203,1317.3622,1141.5033,1619.1271,3.8334854,1.1423762,1.0,0.0,0.6284238
1112.3728,1324.8737,1148.2129,1623.3077,3.8674324,1.1604337,1.0,0.0,0.63395584
1132.7418,1332.3665,1154.9244,1627.535,3.9012766,1.1785976,1.0,0.0,0.6394055
1153.3195,1339.8392,1161.6366,1631.8086,3.9350157,1.1968668,1.0,0.0,0.6447741
1174.1422,1347.2908,1168.3484,1636.1284,3.9686475,1.2152396,1.0,0.0,0.65006274
1195.2104,1354.7201,1175.0586,1640.4943,4.0021696,1.2337149,1.0,0.0,0.65527266
1216.5035,1362.1263,1181.766,1644.9058,4.03558,1.2522912,1.0,0.0,0.66040504
1238.0416,1369.5083,1188.4692,1649.3629,4.0688777,1.2709671,1.0,0.0,0.665461
1259.798,1376.8647,1195.1675,1653.8654,4.102061,1.289741,1.0,0.0,0.6704416
1281.753,1384.1951,1201.8595,1658.413,4.135127,1.3086118,1.0,0.0,0.6753481
1303.9319,1391.4977,1208.5441,1663.0054,4.1680756,1.3275777,1.0,0.0,0.6801815
1326.3385,1398.7717,1215.2202,1667.6423,4.200904,1.3466375,1.0,0.0,0.68494296
1348.9675,1406.0161,1221.8868,1672.3237,4.233612,1.3657897,1.0,0.0,0.6896336
1371.7804,1413.2297,1228.543,1677.0492,4.266197,1.3850328,1.0,0.0,0.6942544
1394.8029,1420.4116,1235.1874,1681.8184,4.298659,1.4043654,1.0,0.0,0.6988064
1418.0369,1427.5605,1241.8191,1686.6311,4.3309956,1.4237862,1.0,0.0,0.70329064
1441.4863,1434.6757,1248.4371,1691.487,4.363206,1.4432936,1.0,0.0,0.7077081
1465.1484,1441.756,1255.0404,1696.3859,4.395289,1.4628862,1.0,0.0,0.71205986
1489.0118,1448.8005,1261.628,1701.3271,4.4272428,1.4825627,1.0,0.0,0.71634674
1513.0958,1455.8083,1268.1989,1706.3108,4.4590673,1.5023215,1.0,0.0,0.72056985
1537.4001,1462.7787,1274.752,1711.3363,4.4907603,1.5221612,1.0,0.0,0.7247301
1561.9327,1469.7104,1281.2861,1716.4033,4.5214157,1.5420805,1.0,0.0,0.7288283
1586.7036,1476.6029,1287.8007,1721.5117,4.5511994,1.5620718,1.0,0.0,0.7328656
1611.7006,1483.4554,1294.2946,1726.6609,4.5802464,1.5821289,1.0,0.0,0.7368427
1636.946,1490.2671,1300.767,1731.8506,4.608666,1.6022463,1.0,0.0,0.74076056
1662.4299,1497.0372,1307.217,1737.0803,4.6365476,1.6224195,1.0,0.0,0.7446202
1688.1388,1503.765,1313.6436,1742.3499,4.6639633,1.6426443,1.0,0.0,0.7484224
1714.0615,1510.4497,1320.0459,1747.6588,4.6909714,1.6629174,1.0,0.0,0.75216794
1740.228,1517.0908,1326.4232,1753.0068,4.7176194,1.6832356,1.0,0.0,0.7558577
1766.6484,1523.6874,1332.7747,1758.3933,4.743946,1.7035964,1.0,0.0,0.7594925
1793.3593,1530.2386,1339.0994,1763.8179,4.7699823,1.7239971,1.0,0.0,0.76307327
1820.3232,1536.7445,1345.3965,1769.2803,4.7957535,1.7444358,1.0,0.0,0.76660067
1847.5072,1543.2041,1351.6655,1774.78,4.821281,1.7649101,1.0,0.0,0.77007556
1874.9794,1549.6167,1357.9054,1780.3167,4.8465805,1.7854184,1.0,0.0,0.7734987
1902.7218,1555.9819,1364.1156,1785.8899,4.871666,1.8059587,1.0,0.0,0.7768709
1930.7217,1562.2991,1370.2952,1791.4991,4.8965483,1.8265296,1.0,0.0,0.78019285
1958.9558,1568.5679,1376.4435,1797.1439,4.921237,1.8471295,1.0,0.0,0.7834654
1987.4407,1574.7876,1382.56,1802.8239,4.945739,1.8677567,1.0,0.0,0.78668916
2016.1754,1580.9578,1388.6438,1808.5387,4.9700594,1.8884101,1.0,0.0,0.78986496
2045.1556,1587.0776,1394.6942,1814.2877,4.9942045,1.9090879,1.0,0.0,0.7929935
2074.3916,1593.1469,1400.7109,1820.0706,5.018177,1.9297891,1.0,0.0,0.79607546
2103.8816,1599.1649,1406.693,1825.8867,5.0419807,1.9505122,1.0,0.0,0.79911155
2133.616,1605.1315,1412.6399,1831.7358,5.065618,1.971256,1.0,0.0,0.80210245
2163.5562,1611.0459,1418.5511,1837.6174,5.0890913,1.9920192,1.0,0.0,0.8050488
2193.785,1616.9075,1424.4259,1843.5309,5.1124015,2.0128005,1.0,0.0,0.8079513
2224.294,1622.7163,1430.2638,1849.4758,5.13555,2.0335987,1.0,0.0,0.81081057
2255.0637,1628.4716,1436.0641,1855.4518,5.158539,2.0544128,1.0,0.0,0.81362724
2286.0757,1634.1733,1441.8264,1861.4583,5.181369,2.0752416,1.0,0.0,0.81640196
2317.3147,1639.821,1447.5503,1867.4949,5.204041,2.0960836,1.0,0.0,0.8191354
2348.7402,1645.4141,1453.2349,1873.5609,5.2265553,2.1169379,1.0,0.0,0.8218281
2380.406,1650.9521,1458.88,1879.656,5.2489123,2.1378033,1.0,0.0,0.8244808
2412.2957,1656.4349,1464.4849,1885.7797,5.2711134,2.1586788,1.0,0.0,0.82709396
2444.3914,1661.8618,1470.0492,1891.9312,5.293158,2.1795633,1.0,0.0,0.8296682
2476.798,1667.2327,1475.5723,1898.1104,5.3150477,2.2004554,1.0,0.0,0.83220416
2509.49,1672.5472,1481.0538,1904.3167,5.336782,2.2213545,1.0,0.0,0.8347023
2542.4429,1677.8055,1486.4934,1910.5494,5.358361,2.242259,1.0,0.0,0.83716327
2575.6445,1683.0071,1491.8906,1916.8081,5.379786,2.263168,1.0,0.0,0.83958757
2609.1094,1688.152,1497.2451,1923.0924,5.401057,2.2840807,1.0,0.0,0.8419758
2642.788,1693.2396,1502.5562,1929.4016,5.422174,2.3049955,1.0,0.0,0.8443285
2676.6553,1698.2699,1507.8239,1935.7354,5.443138,2.3259118,1.0,0.0,0.8466462
2710.7144,1703.2424,1513.0474,1942.0931,5.4639487,2.3468282,1.0,0.0,0.84892935
2745.087,1708.1572,1518.2266,1948.4742,5.4846067,2.367744,1.0,0.0,0.8511785
2779.7007,1713.0139,1523.361,1954.8784,5.505112,2.3886583,1.0,0.0,0.8533942
2814.5364,1717.8125,1528.4503,1961.305,5.525466,2.4095697,1.0,0.0,0.8555769
2849.605,1722.5529,1533.4945,1967.7535,5.5456686,2.4304776,1.0,0.0,0.85772705
2884.898,1727.2347,1538.4929,1974.2234,5.56572,2.4513805,1.0,0.0,0.8598452
2920.416,1731.858,1543.4452,1980.7141,5.58562,2.4722776,1.0,0.0,0.86193186
2956.2163,1736.4227,1548.3514,1987.2252,5.60537,2.493168,1.0,0.0,0.86398745
2992.3242,1740.9287,1553.2109,1993.7561,5.6249695,2.514051,1.0,0.0,0.8660124
3028.6738,1745.3761,1558.0238,2000.3064,5.6444197,2.5349252,1.0,0.0,0.86800724
3065.3481,1749.7648,1562.7897,2006.8752,5.6637206,2.55579,1.0,0.0,0.86997235
3102.2922,1754.0948,1567.5082,2013.4625,5.682873,2.576644,1.0,0.0,0.8719082
3139.4512,1758.3662,1572.1794,2020.0675,5.7018766,2.597487,1.0,0.0,0.87381524
3176.8542,1762.5789,1576.803,2026.6896,5.7207327,2.6183174,1.0,0.0,0.8756939
3214.5176,1766.7325,1581.3785,2033.3282,5.739442,2.6391346,1.0,0.0,0.87754464
3252.4214,1770.8278,1585.9064,2039.983,5.7580037,2.6599379,1.0,0.0,0.87936777
3290.559,1774.8643,1590.3859,2046.6536,5.77642,2.6807258,1.0,0.0,0.8811638
3328.8662,1778.842,1594.8173,2053.339,5.7946906,2.7014978,1.0,0.0,0.882933
3367.3591,1782.7612,1599.2001,2060.0393,5.812816,2.7222533,1.0,0.0,0.8846759
3406.0947,1786.6216,1603.5344,2066.7537,5.830797,2.7429912,1.0,0.0,0.8863929
3445.057,1790.4231,1607.8202,2073.4812,5.848634,2.7637105,1.0,0.0,0.8880843
3484.3008,1794.1664,1612.0571,2080.2222,5.8663273,2.7844105,1.0,0.0,0.88975054
3523.8506,1797.8508,1616.245,2086.9756,5.883877,2.8050902,1.0,0.0,0.89139193
3563.6775,1801.4772,1620.384,2093.741,5.901284,2.825749,1.0,0.0,0.89300895
3603.7537,1805.0454,1624.4738,2100.5178,5.9185495,2.8463857,1.0,0.0,0.8946019
3644.0898,1808.5557,1628.5145,2107.3054,5.9356737,2.8669999,1.0,0.0,0.8961711
3684.7095,1812.0082,1632.5062,2114.1038,5.9526567,2.8875906,1.0,0.0,0.8977169
3725.5586,1815.4027,1636.4486,2120.912,5.9695,2.908157,1.0,0.0,0.8992397
3766.6248,1818.7399,1640.3418,2127.7297,5.986203,2.9286988,1.0,0.0,0.90073985
3807.8948,1822.0197,1644.1858,2134.5564,6.0027676,2.9492145,1.0,0.0,0.9022176
3849.3984,1825.2422,1647.9805,2141.3914,6.0191936,2.969704,1.0,0.0,0.9036734
3891.1492,1828.4076,1651.7258,2148.2341,6.035482,2.990166,1.0,0.0,0.90510756
3933.124,1831.5161,1655.4222,2155.0845,6.0516334,3.0106,1.0,0.0,0.9065203
3975.3784,1834.568,1659.0693,2161.9414,6.067648,3.0310054,1.0,0.0,0.9079121
4017.8716,1837.5635,1662.6672,2168.8052,6.083527,3.0513813,1.0,0.0,0.9092831
4060.6084,1840.5024,1666.2162,2175.6746,6.0992703,3.071727,1.0,0.0,0.9106337
4103.563,1843.3856,1669.7158,2182.5498,6.114879,3.092042,1.0,0.0,0.9119642
4146.727,1846.2129,1673.1665,2189.4294,6.130354,3.1123252,1.0,0.0,0.9132749
4190.0977,1848.9846,1676.5684,2196.3142,6.145695,3.132576,1.0,0.0,0.91456604
4233.702,1851.7009,1679.9213,2203.2024,6.1609044,3.1527941,1.0,0.0,0.915838
4277.586,1854.3624,1683.2253,2210.0945,6.175981,3.1729786,1.0,0.0,0.917091
4321.726,1856.969,1686.4808,2216.9895,6.190926,3.1931286,1.0,0.0,0.91832536
4366.1357,1859.5211,1689.6879,2223.887,6.205741,3.2132437,1.0,0.0,0.91954136
4410.782,1862.019,1692.8463,2230.7866,6.2204256,3.2333233,1.0,0.0,0.92073923
4455.663,1864.463,1695.9564,2237.6877,6.2349806,3.2533667,1.0,0.0,0.9219193
4500.766,1866.8534,1699.0184,2244.5903,6.249407,3.2733734,1.0,0.0,0.92308176
4546.076,1869.1904,1702.0323,2251.4932,6.263705,3.2933426,1.0,0.0,0.92422694
4591.5186,1871.4746,1704.9983,2258.3965,6.2778754,3.3132737,1.0,0.0,0.9253551
4637.1006,1873.7058,1707.9165,2265.2993,6.29192,3.3331661,1.0,0.0,0.9264664
4682.8247,1875.8846,1710.7871,2272.2017,6.3058386,3.3530192,1.0,0.0,0.92756116
4728.68,1878.0111,1713.6102,2279.1028,6.319632,3.3728325,1.0,0.0,0.92863965
4774.8584,1880.0856,1716.386,2286.0024,6.3333,3.3926055,1.0,0.0,0.9297021
4821.3994,1882.1084,1719.1146,2292.9001,6.346844,3.4123375,1.0,0.0,0.9307487
4868.253,1884.0803,1721.7964,2299.7954,6.3602653,3.432028,1.0,0.0,0.93177974
4915.3584,1886.0016,1724.4313,2306.6877,6.3735633,3.4516766,1.0,0.0,0.9327954
4962.6675,1887.8726,1727.0197,2313.5767,6.3867397,3.4712825,1.0,0.0,0.9337959
5010.169,1889.6937,1729.5618,2320.462,6.399795,3.4908452,1.0,0.0,0.93478155
5057.848,1891.4651,1732.0579,2327.343,6.41273,3.5103643,1.0,0.0,0.9357525
5105.6885,1893.1871,1734.5079,2334.2192,6.425545,3.529839,1.0,0.0,0.93670905
5153.6504,1894.8604,1736.9124,2341.0903,6.4382415,3.5492692,1.0,0.0,0.93765134
5201.853,1896.4849,1739.2714,2347.9563,6.450819,3.568654,1.0,0.0,0.9385796
5250.3594,1898.0612,1741.5852,2354.8164,6.4632792,3.5879934,1.0,0.0,0.9394941
5299.1245,1899.5897,1743.8541,2361.6702,6.4756227,3.6072865,1.0,0.0,0.9403949
5348.1284,1901.0709,1746.0782,2368.517,6.4878497,3.626533,1.0,0.0,0.9412823
5397.3535,1902.5051,1748.2579,2375.3572,6.4999614,3.6457326,1.0,0.0,0.9421565
5446.7935,1903.8928,1750.3936,2382.1897,6.511958,3.6648843,1.0,0.0,0.94301766
5496.426,1905.2346,1752.485,2389.0144,6.5238414,3.683988,1.0,0.0,0.943866
5546.253,1906.5304,1754.5328,2395.8308,6.535611,3.7030437,1.0,0.0,0.94470173
5596.3584,1907.7806,1756.5372,2402.639,6.5472684,3.7220502,1.0,0.0,0.945525
5646.703,1908.9862,1758.4985,2409.438,6.558814,3.7410076,1.0,0.0,0.94633603
5697.2485,1910.1471,1760.417,2416.2275,6.570249,3.759915,1.0,0.0,0.947135
5747.9893,1911.264,1762.293,2423.0076,6.581573,3.7787726,1.0,0.0,0.94792205
5798.9146,1912.3373,1764.1268,2429.7773,6.592788,3.7975793,1.0,0.0,0.9486974
5850.113,1913.3674,1765.9185,2436.5369,6.603894,3.8163352,1.0,0.0,0.94946116
5901.517,1914.3545,1767.6687,2443.2854,6.6148925,3.8350399,1.0,0.0,0.9502136
5953.0674,1915.2992,1769.3776,2450.023,6.6257825,3.8536928,1.0,0.0,0.95095485
6004.755,1916.2018,1771.0453,2456.7488,6.636567,3.8722937,1.0,0.0,0.9516851
6056.593,1917.0629,1772.6724,2463.463,6.6472454,3.890842,1.0,0.0,0.9524044
6108.6626,1917.8828,1774.2589,2470.1648,6.657819,3.9093375,1.0,0.0,0.953113
6160.924,1918.662,1775.8055,2476.8542,6.6682878,3.92778,1.0,0.0,0.95381105
6213.361,1919.4006,1777.3123,2483.531,6.678653,3.946169,1.0,0.0,0.9544987
6265.9697,1920.0996,1778.7795,2490.1946,6.688915,3.964504,1.0,0.0,0.9551761
6318.731,1920.759,1780.2076,2496.8445,6.6990747,3.9827847,1.0,0.0,0.95584345
6371.625,1921.3794,1781.5969,2503.4807,6.709133,4.0010114,1.0,0.0,0.9565009
6424.6323,1921.9612,1782.9478,2510.1028,6.7190905,4.019183,1.0,0.0,0.95714855
6477.7524,1922.5048,1784.2605,2516.7102,6.7289476,4.0372996,1.0,0.0,0.95778656
6531.0396,1923.0104,1785.5353,2523.303,6.7387056,4.055361,1.0,0.0,0.95841503
6584.4297,1923.4786,1786.7726,2529.8809,6.7483654,4.0733657,1.0,0.0,0.95903414
6638.046,1923.91,1787.9727,2536.4434,6.7579265,4.091315,1.0,0.0,0.9596441
6692.02,1924.3048,1789.136,2542.9905,6.7673903,4.109208,1.0,0.0,0.9602449
6746.345,1924.6638,1790.2627,2549.5217,6.776758,4.1270447,1.0,0.0,0.96083677
6800.932,1924.9872,1791.3534,2556.0366,6.7860303,4.1448245,1.0,0.0,0.9614198
6855.812,1925.2755,1792.4081,2562.5352,6.795207,4.162547,1.0,0.0,0.96199423
6910.94,1925.5295,1793.4276,2569.0166,6.80429,4.180212,1.0,0.0,0.96256006
6966.2705,1925.7495,1794.4117,2575.4814,6.8132787,4.1978197,1.0,0.0,0.9631175
7021.7793,1925.9357,1795.3615,2581.929,6.8221755,4.2153697,1.0,0.0,0.9636666
7077.4478,1926.0886,1796.2766,2588.359,6.83098,4.2328615,1.0,0.0,0.9642076
7133.306,1926.2089,1797.1576,2594.771,6.839693,4.250295,1.0,0.0,0.96474046
7189.334,1926.2968,1798.0052,2601.165,6.848316,4.2676697,1.0,0.0,0.9652654
7245.373,1926.3527,1798.8195,2607.5408,6.8568487,4.284986,1.0,0.0,0.9657825
7301.4707,1926.3772,1799.6006,2613.8982,6.8652925,4.302243,1.0,0.0,0.96629196
7357.691,1926.3705,1800.3494,2620.237,6.873648,4.3194413,1.0,0.0,0.96679384
7414.032,1926.333,1801.0659,2626.557,6.881916,4.33658,1.0,0.0,0.9672882
7470.5107,1926.2651,1801.7505,2632.8574,6.8900967,4.353659,1.0,0.0,0.9677752
7527.104,1926.1675,1802.4036,2639.1382,6.8981915,4.370679,1.0,0.0,0.968255
7583.811,1926.0404,1803.0255,2645.3997,6.9062004,4.3876386,1.0,0.0,0.9687276
7640.726,1925.8843,1803.6166,2651.641,6.9141254,4.404538,1.0,0.0,0.96919316
7697.896,1925.6996,1804.1772,2657.8625,6.921966,4.4213777,1.0,0.0,0.9696518
7755.2393,1925.4868,1804.7079,2664.064,6.929723,4.4381566,1.0,0.0,0.9701036
7812.7427,1925.2462,1805.2087,2670.2446,6.937397,4.454875,1.0,0.0,0.97054875
7870.371,1924.9785,1805.68,2676.4048,6.944989,4.471533,1.0,0.0,0.9709872
7928.1177,1924.6838,1806.1226,2682.544,6.9525003,4.4881296,1.0,0.0,0.97141916
7985.971,1924.3627,1806.5364,2688.6624,6.9599304,4.504666,1.0,0.0,0.9718447
8043.9263,1924.0155,1806.9218,2694.759,6.9672804,4.5211406,1.0,0.0,0.9722639
8101.9614,1923.6427,1807.2792,2700.8345,6.9745517,4.5375543,1.0,0.0,0.9726768
8160.08,1923.2449,1807.6091,2706.8884,6.9817433,4.5539064,1.0,0.0,0.9730836
8218.267,1922.822,1807.9116,2712.9204,6.9888577,4.570197,1.0,0.0,0.97348434
8276.53,1922.3749,1808.1875,2718.9304,6.9958954,4.5864263,1.0,0.0,0.9738791
8334.88,1921.9036,1808.4366,2724.9187,7.002856,4.6025934,1.0,0.0,0.974268
8393.319,1921.4088,1808.6598,2730.8843,7.0097404,4.618699,1.0,0.0,0.9746511
8451.917,1920.8907,1808.8569,2736.8276,7.01655,4.6347427,1.0,0.0,0.9750285
8510.834,1920.3499,1809.0286,2742.7485,7.0232854,4.6507244,1.0,0.0,0.97540027
8569.993,1919.7867,1809.1752,2748.6462,7.029947,4.6666446,1.0,0.0,0.97576654
8629.329,1919.2017,1809.297,2754.5215,7.0365343,4.6825027,1.0,0.0,0.9761273
8688.814,1918.595,1809.3944,2760.3733,7.04305,4.698298,1.0,0.0,0.97648275
8748.408,1917.9672,1809.4677,2766.2021,7.049494,4.714031,1.0,0.0,0.97683287
8808.028,1917.3187,1809.5171,2772.008,7.0558667,4.7297025,1.0,0.0,0.9771778
8867.682,1916.6497,1809.5432,2777.79,7.062169,4.745311,1.0,0.0,0.9775176
8927.522,1915.9608,1809.5464,2783.5486,7.0684023,4.760857,1.0,0.0,0.97785234
8987.57,1915.2522,1809.5267,2789.2834,7.074566,4.776341,1.0,0.0,0.9781821
9047.782,1914.5244,1809.4847,2794.9946,7.0806613,4.7917624,1.0,0.0,0.9785069
9108.129,1913.7777,1809.4207,2800.6821,7.086689,4.807121,1.0,0.0,0.97882694
9168.576,1913.0125,1809.335,2806.3452,7.0926495,4.822417,1.0,0.0,0.9791422
9229.112,1912.2292,1809.2279,2811.9846,7.098543,4.8376503,1.0,0.0,0.9794527
9289.722,1911.4282,1809.1,2817.5994,7.104371,4.852821,1.0,0.0,0.9797586
9350.41,1910.61,1808.9514,2823.1897,7.110134,4.867929,1.0,0.0,0.98006
9411.169,1909.7747,1808.7823,2828.7559,7.1158323,4.882974,1.0,0.0,0.9803569
9472.028,1908.9226,1808.5934,2834.2976,7.1214666,4.8979564,1.0,0.0,0.98064935
9533.03,1908.0542,1808.3848,2839.8147,7.1270375,4.912876,1.0,0.0,0.9809374
9594.15,1907.1699,1808.1567,2845.3071,7.132546,4.9277334,1.0,0.0,0.9812212
9655.367,1906.27,1807.9097,2850.7747,7.137992,4.942528,1.0,0.0,0.9815008
9716.661,1905.3549,1807.644,2856.2175,7.1433773,4.957259,1.0,0.0,0.98177624
9778.011,1904.4248,1807.3601,2861.6355,7.1487017,4.971928,1.0,0.0,0.98204756
9839.386,1903.4803,1807.058,2867.0283,7.153966,4.9865346,1.0,0.0,0.9823148
9900.797,1902.5215,1806.7382,2872.396,7.1591706,5.001078,1.0,0.0,0.9825781
9962.289,1901.5487,1806.4008,2877.7385,7.164316,5.0155587,1.0,0.0,0.9828375
10023.881,1900.5624,1806.0464,2883.056,7.169404,5.029977,1.0,0.0,0.983093
10085.545,1899.5629,1805.675,2888.3481,7.1744337,5.0443325,1.0,0.0,0.98334473
10147.2705,1898.5503,1805.2872,2893.615,7.1794066,5.0586257,1.0,0.0,0.9835927
10209.051,1897.525,1804.8833,2898.8564,7.1843224,5.0728564,1.0,0.0,0.98383695
10270.869,1896.4877,1804.4634,2904.0725,7.1891828,5.087024,1.0,0.0,0.9840776
10332.692,1895.4385,1804.0281,2909.2632,7.193988,5.1011295,1.0,0.0,0.9843146
10394.605,1894.3773,1803.5773,2914.4282,7.1987376,5.115173,1.0,0.0,0.98454815
10456.6,1893.305,1803.1116,2919.5679,7.203434,5.1291537,1.0,0.0,0.9847782
10518.642,1892.2217,1802.6311,2924.682,7.2080765,5.143072,1.0,0.0,0.98500484
10580.71,1891.1274,1802.1362,2929.7703,7.212666,5.156928,1.0,0.0,0.9852281
10642.735,1890.0228,1801.6272,2934.833,7.217203,5.170722,1.0,0.0,0.98544806
10704.899,1888.9082,1801.1042,2939.87,7.2216883,5.184454,1.0,0.0,0.9856647
10767.379,1887.7837,1800.568,2944.8816,7.226122,5.198124,1.0,0.0,0.98587817
10830.048,1886.6497,1800.0184,2949.8672,7.2305045,5.211732,1.0,0.0,0.9860884
10892.871,1885.5061,1799.4558,2954.8271,7.2348375,5.225278,1.0,0.0,0.9862955
10955.887,1884.3539,1798.8805,2959.7615,7.239121,5.2387624,1.0,0.0,0.98649955
11019.044,1883.1929,1798.2926,2964.6697,7.2433553,5.252185,1.0,0.0,0.98670053
11082.311,1882.0237,1797.6927,2969.5525,7.2475414,5.265546,1.0,0.0,0.98689854
11145.605,1880.8464,1797.0809,2974.4094,7.25168,5.2788453,1.0,0.0,0.9870936
11208.861,1879.6613,1796.4575,2979.2402,7.2557707,5.2920833,1.0,0.0,0.9872858
11272.108,1878.4684,1795.8229,2984.0452,7.2598143,5.305259,1.0,0.0,0.9874751
11335.438,1877.2683,1795.177,2988.8247,7.263812,5.318374,1.0,0.0,0.9876616
11398.865,1876.0612,1794.5204,2993.5781,7.267763,5.3314285,1.0,0.0,0.9878453
11462.382,1874.8472,1793.853,2998.3062,7.2716694,5.3444214,1.0,0.0,0.98802626
11525.881,1873.6267,1793.1754,3003.008,7.275532,5.357353,1.0,0.0,0.98820454
11589.345,1872.3999,1792.4878,3007.6846,7.2793493,5.370224,1.0,0.0,0.98838013
11652.788,1871.167,1791.7904,3012.3347,7.283123,5.383034,1.0,0.0,0.9885531
11716.21,1869.9282,1791.0834,3016.9595,7.2868543,5.395784,1.0,0.0,0.9887235
11779.658,1868.6841,1790.3671,3021.5583,7.290543,5.408473,1.0,0.0,0.9888914
11843.227,1867.4344,1789.6416,3026.1316,7.2941895,5.421102,1.0,0.0,0.9890568
11906.85,1866.1798,1788.9073,3030.6792,7.297794,5.4336705,1.0,0.0,0.9892197
11970.531,1864.9204,1788.1647,3035.2012,7.3013573,5.446179,1.0,0.0,0.98938024
12034.212,1863.6562,1787.4135,3039.6973,7.30488,5.458627,1.0,0.0,0.9895384
12097.933,1862.3876,1786.6542,3044.1677,7.308362,5.4710155,1.0,0.0,0.9896941
12161.688,1861.1147,1785.8867,3048.6125,7.311805,5.483344,1.0,0.0,0.98984754
12225.473,1859.838,1785.1119,3053.032,7.3152084,5.495613,1.0,0.0,0.9899987
12289.255,1858.5576,1784.3295,3057.4255,7.3185735,5.5078225,1.0,0.0,0.9901476
12353.077,1857.2736,1783.5398,3061.7935,7.3219004,5.519973,1.0,0.0,0.9902943
12416.951,1855.9862,1782.743,3066.1365,7.325189,5.532064,1.0,0.0,0.99043876
12480.805,1854.6958,1781.9397,3070.4536,7.3284407,5.5440955,1.0,0.0,0.9905811
12544.677,1853.4023,1781.1296,3074.7456,7.3316555,5.5560684,1.0,0.0,0.99072134
12608.591,1852.1062,1780.3131,3079.0125,7.334834,5.5679827,1.0,0.0,0.9908595
12672.517,1850.8075,1779.4905,3083.2537,7.3379765,5.5798383,1.0,0.0,0.9909956
12736.437,1849.5065,1778.6619,3087.4695,7.341083,5.591635,1.0,0.0,0.99112964
12800.368,1848.2032,1777.8274,3091.6602,7.344155,5.603374,1.0,0.0,0.9912617
12864.295,1846.8982,1776.9873,3095.826,7.347192,5.6150546,1.0,0.0,0.99139184
12928.184,1845.5913,1776.142,3099.9666,7.350195,5.6266775,1.0,0.0,0.99152
12992.051,1844.2827,1775.2915,3104.0818,7.353164,5.6382422,1.0,0.0,0.99164623
13055.915,1842.973,1774.4359,3108.172,7.3561,5.6497493,1.0,0.0,0.9917706
13119.744,1841.662,1773.5756,3112.2378,7.3590035,5.6611986,1.0,0.0,0.9918932
13183.492,1840.3499,1772.7106,3116.278,7.3618746,5.6725907,1.0,0.0,0.9920139
13247.1875,1839.0367,1771.8411,3120.294,7.364713,5.6839256,1.0,0.0,0.9921328
13310.806,1837.723,1770.9673,3124.2847,7.367521,5.695204,1.0,0.0,0.9922499
13374.384,1836.4086,1770.0895,3128.2507,7.370297,5.706425,1.0,0.0,0.9923653
13437.922,1835.0939,1769.2079,3132.1924,7.373042,5.71759,1.0,0.0,0.99247897
13501.518,1833.7788,1768.3224,3136.1094,7.375757,5.7286983,1.0,0.0,0.99259096
13565.113,1832.4637,1767.4333,3140.0015,7.378442,5.73975,1.0,0.0,0.9927013
13628.671,1831.1488,1766.5411,3143.8694,7.381097,5.750746,1.0,0.0,0.99280995
13692.173,1829.834,1765.6455,3147.7126,7.3837233,5.7616854,1.0,0.0,0.992917
13755.701,1828.5195,1764.747,3151.532,7.38632,5.772569,1.0,0.0,0.99302244
13819.597,1827.2057,1763.8453,3155.327,7.388889,5.783397,1.0,0.0,0.99312633
13883.705,1825.8926,1762.9412,3159.0977,7.39143,5.7941704,1.0,0.0,0.9932287
13947.903,1824.5802,1762.0343,3162.8442,7.393943,5.804888,1.0,0.0,0.99332947
14012.173,1823.2688,1761.125,3166.567,7.3964286,5.8155503,1.0,0.0,0.99342877
14076.418,1821.9584,1760.2134,3170.2656,7.3988876,5.826158,1.0,0.0,0.9935266
14140.641,1820.6494,1759.2998,3173.9404,7.40132,5.836711,1.0,0.0,0.99362296
14204.817,1819.3418,1758.3842,3177.5913,7.4037266,5.84721,1.0,0.0,0.9937179
14268.943,1818.0356,1757.4667,3181.2185,7.4061074,5.857654,1.0,0.0,0.9938114
14333.021,1816.731,1756.5476,3184.822,7.4084625,5.8680444,1.0,0.0,0.9939036
14397.123,1815.428,1755.627,3188.4019,7.410793,5.878381,1.0,0.0,0.99399436
14461.249,1814.127,1754.7048,3191.9587,7.4130983,5.8886633,1.0,0.0,0.99408376
14525.3955,1812.8278,1753.7815,3195.4917,7.415379,5.898892,1.0,0.0,0.99417186
14589.513,1811.5308,1752.8569,3199.0015,7.417636,5.9090676,1.0,0.0,0.99425864
14653.588,1810.236,1751.9314,3202.4883,7.4198685,5.91919,1.0,0.0,0.9943441
14717.632,1808.9434,1751.0049,3205.9514,7.422078,5.92926,1.0,0.0,0.99442834
14781.604,1807.6533,1750.0779,3209.3918,7.424265,5.9392767,1.0,0.0,0.9945113
14845.478,1806.3657,1749.15,3212.809,7.4264293,5.9492407,1.0,0.0,0.994593
14909.289,1805.0808,1748.2217,3216.2034,7.4285707,5.9591527,1.0,0.0,0.99467355
14972.985,1803.7986,1747.293,3219.5752,7.4306903,5.9690127,1.0,0.0,0.9947528
15036.648,1802.519,1746.364,3222.924,7.4327884,5.978821,1.0,0.0,0.99483097
15100.221,1801.2424,1745.435,3226.2505,7.434865,5.988577,1.0,0.0,0.9949079
15163.765,1799.969,1744.5057,3229.5542,7.43692,5.9982815,1.0,0.0,0.99498373
15227.27,1798.6985,1743.5768,3232.8354,7.4389544,6.007935,1.0,0.0,0.9950584
15290.679,1797.4314,1742.6478,3236.0947,7.440968,6.017537,1.0,0.0,0.99513197
15353.864,1796.1674,1741.7194,3239.3315,7.4429617,6.027088,1.0,0.0,0.99520445
15416.9375,1794.9067,1740.7913,3242.5461,7.4449353,6.036589,1.0,0.0,0.99527586
15479.898,1793.6495,1739.8635,3245.7388,7.4468894,6.046039,1.0,0.0,0.9953462
15542.747,1792.396,1738.9364,3248.9094,7.448824,6.055439,1.0,0.0,0.99541545
15605.513,1791.146,1738.01,3252.0583,7.450739,6.064789,1.0,0.0,0.9954837
15668.199,1789.8998,1737.0844,3255.1855,7.452636,6.0740886,1.0,0.0,0.99555093
15730.785,1788.6571,1736.1595,3258.2913,7.454514,6.0833387,1.0,0.0,0.99561715
15793.327,1787.4182,1735.236,3261.3752,7.4563737,6.0925393,1.0,0.0,0.9956824
15855.739,1786.1832,1734.3134,3264.4377,7.458215,6.101691,1.0,0.0,0.9957467
15918.063,1784.9523,1733.392,3267.4788,7.460039,6.110793,1.0,0.0,0.99581
15980.357,1783.7253,1732.4718,3270.4988,7.461846,6.119847,1.0,0.0,0.9958724
16042.536,1782.5026,1731.553,3273.4973,7.463635,6.1288514,1.0,0.0,0.99593383
16104.647,1781.2839,1730.6355,3276.4749,7.4654074,6.137808,1.0,0.0,0.9959944
16166.686,1780.0696,1729.7195,3279.4316,7.467163,6.146716,1.0,0.0,0.99605405
16228.628,1778.8595,1728.8052,3282.3672,7.468902,6.155576,1.0,0.0,0.9961128
16290.542,1777.6537,1727.8926,3285.2825,7.470625,6.164389,1.0,0.0,0.9961707
16352.487,1776.4524,1726.9816,3288.1765,7.472332,6.173154,1.0,0.0,0.9962277
16414.436,1775.2556,1726.0724,3291.0503,7.4740233,6.1818714,1.0,0.0,0.9962838
16476.39,1774.0632,1725.1653,3293.9036,7.475699,6.1905417,1.0,0.0,0.99633914
16538.312,1772.8755,1724.26,3296.7366,7.47736,6.199165,1.0,0.0,0.9963936
16600.148,1771.6924,1723.3567,3299.5493,7.4790053,6.2077417,1.0,0.0,0.9964473
16661.777,1770.5139,1722.4556,3302.342,7.4806366,6.216272,1.0,0.0,0.9965002
16723.275,1769.3403,1721.5566,3305.1145,7.482253,6.224756,1.0,0.0,0.9965523
16784.559,1768.1713,1720.6599,3307.867,7.4838552,6.2331934,1.0,0.0,0.9966036
16845.701,1767.0072,1719.7655,3310.5996,7.4854426,6.2415853,1.0,0.0,0.99665415
16906.863,1765.8479,1718.8737,3313.3125,7.4870167,6.2499313,1.0,0.0,0.996704
16967.95,1764.6936,1717.984,3316.0056,7.4885774,6.258232,1.0,0.0,0.99675304
17028.996,1763.5442,1717.0969,3318.6797,7.4901237,6.2664876,1.0,0.0,0.9968014
17089.965,1762.3998,1716.2124,3321.334,7.4916573,6.2746983,1.0,0.0,0.996849
17150.85,1761.2604,1715.3303,3323.969,7.493178,6.282864,1.0,0.0,0.9968959
17211.623,1760.126,1714.451,3326.5845,7.494685,6.290985,1.0,0.0,0.9969421
17272.342,1758.9967,1713.5746,3329.1812,7.4961805,6.299062,1.0,0.0,0.99698764
17332.887,1757.8727,1712.7007,3331.759,7.4976635,6.307094,1.0,0.0,0.99703246
17393.342,1756.7537,1711.8298,3334.3176,7.499134,6.3150826,1.0,0.0,0.99707663
17453.678,1755.6399,1710.9617,3336.8577,7.500592,6.3230276,1.0,0.0,0.99712014
17513.896,1754.5312,1710.0964,3339.379,7.5020385,6.3309293,1.0,0.0,0.997163
17574.066,1753.4279,1709.2343,3341.8813,7.5034733,6.3387876,1.0,0.0,0.99720526
17634.086,1752.3298,1708.375,3344.3655,7.504896,6.3466024,1.0,0.0,0.99724686
17694.031,1751.237,1707.5188,3346.831,7.506308,6.3543744,1.0,0.0,0.99728787
17753.816,1750.1497,1706.6658,3349.2788,7.507709,6.362104,1.0,0.0,0.9973282
17813.486,1749.0675,1705.8158,3351.7083,7.509099,6.369791,1.0,0.0,0.997368
17873.033,1747.9907,1704.969,3354.1196,7.510478,6.3774357,1.0,0.0,0.99740714
17932.541,1746.9193,1704.1255,3356.5127,7.511846,6.385039,1.0,0.0,0.99744576
17991.916,1745.8533,1703.2853,3358.8882,7.5132046,6.3926,1.0,0.0,0.9974838
18051.21,1744.7928,1702.4485,3361.2458,7.514552,6.4001193,1.0,0.0,0.9975213
18110.354,1743.7377,1701.6149,3363.586,7.5158896,6.407597,1.0,0.0,0.9975582
18169.387,1742.6881,1700.7847,3365.9084,7.5172176,6.415034,1.0,0.0,0.99759454
18228.326,1741.6439,1699.9579,3368.2134,7.5185356,6.422429,1.0,0.0,0.99763036
18287.14,1740.6051,1699.1345,3370.501,7.5198436,6.429784,1.0,0.0,0.99766564
18345.818,1739.5718,1698.3146,3372.7715,7.5211425,6.437098,1.0,0.0,0.9977004
18404.367,1738.5441,1697.4979,3375.025,7.522432,6.444372,1.0,0.0,0.9977346
18462.832,1737.522,1696.685,3377.261,7.523712,6.4516063,1.0,0.0,0.99776834
18521.135,1736.5054,1695.8756,3379.4805,7.524984,6.4588003,1.0,0.0,0.99780154
18579.307,1735.4943,1695.0698,3381.6829,7.526246,6.465955,1.0,0.0,0.99783427
18637.355,1734.4885,1694.2676,3383.8687,7.5275,6.4730697,1.0,0.0,0.9978665
18695.266,1733.4883,1693.4689,3386.038,7.528745,6.480145,1.0,0.0,0.9978983
18753.057,1732.4938,1692.674,3388.1907,7.5299816,6.487181,1.0,0.0,0.9979296
18810.914,1731.5046,1691.8824,3390.327,7.5312095,6.4941783,1.0,0.0,0.9979604
18868.76,1730.5212,1691.0947,3392.447,7.532429,6.501137,1.0,0.0,0.9979907
18926.64,1729.5433,1690.3108,3394.5505,7.533641,6.508057,1.0,0.0,0.99802065
18984.416,1728.571,1689.5306,3396.6382,7.5348444,6.514939,1.0,0.0,0.9980501
19042.135,1727.6044,1688.754,3398.7097,7.5360403,6.521783,1.0,0.0,0.9980791
19099.8,1726.6432,1687.9812,3400.7654,7.5372286,6.5285883,1.0,0.0,0.99810773
19157.367,1725.6876,1687.2123,3402.8054,7.538409,6.5353565,1.0,0.0,0.9981359
19214.834,1724.7377,1686.4471,3404.8296,7.5395823,6.542087,1.0,0.0,0.9981637
19272.17,1723.7931,1685.6859,3406.8381,7.5407486,6.5487804,1.0,0.0,0.99819106
19329.371,1722.8544,1684.9283,3408.8313,7.5419073,6.5554366,1.0,0.0,0.998218
19386.424,1721.9213,1684.1747,3410.809,7.543059,6.562056,1.0,0.0,0.9982445
19443.283,1720.9935,1683.4248,3412.7712,7.5442033,6.568639,1.0,0.0,0.99827063
19499.885,1720.0715,1682.679,3414.7188,7.545341,6.575185,1.0,0.0,0.9982964
19556.3,1719.155,1681.9369,3416.651,7.546472,6.5816946,1.0,0.0,0.9983218
19612.422,1718.244,1681.1987,3418.5679,7.5475965,6.588168,1.0,0.0,0.99834675
19668.39,1717.3386,1680.4644,3420.4702,7.548714,6.594606,1.0,0.0,0.99837136
19724.305,1716.4388,1679.734,3422.358,7.5498257,6.6010084,1.0,0.0,0.9983956
19780.111,1715.5446,1679.0077,3424.2302,7.5509305,6.6073747,1.0,0.0,0.9984195
19835.814,1714.6558,1678.2852,3426.0886,7.552029,6.613706,1.0,0.0,0.99844307
19891.375,1713.7726,1677.5667,3427.9324,7.5531216,6.6200023,1.0,0.0,0.99846625
19946.807,1712.8948,1676.8519,3429.7615,7.5542083,6.6262636,1.0,0.0,0.9984891
20002.055,1712.0227,1676.1412,3431.5762,7.555289,6.63249,1.0,0.0,0.99851155
20057.277,1711.156,1675.4346,3433.3767,7.5563636,6.638682,1.0,0.0,0.9985337
20112.307,1710.2948,1674.7318,3435.1633,7.5574327,6.6448393,1.0,0.0,0.99855554
20167.262,1709.4391,1674.0332,3436.9355,7.5584965,6.650963,1.0,0.0,0.99857706
20221.992,1708.5887,1673.3384,3438.694,7.559554,6.657052,1.0,0.0,0.9985982
20276.627,1707.7439,1672.6476,3440.4387,7.560606,6.663108,1.0,0.0,0.9986191
20331.127,1706.9045,1671.9607,3442.1697,7.561653,6.6691303,1.0,0.0,0.99863964
20385.498,1706.0704,1671.2777,3443.887,7.5626945,6.6751194,1.0,0.0,0.9986599
20439.748,1705.2418,1670.5988,3445.5908,7.5637307,6.681075,1.0,0.0,0.9986799
20493.852,1704.4187,1669.9238,3447.2808,7.564762,6.686998,1.0,0.0,0.99869955
20547.766,1703.6008,1669.2528,3448.958,7.565788,6.6928873,1.0,0.0,0.9987189
20601.42,1702.7885,1668.5857,3450.6216,7.566808,6.698745,1.0,0.0,0.998738
20654.855,1701.9816,1667.9226,3452.272,7.5678244,6.7045693,1.0,0.0,0.99875677
20708.23,1701.1797,1667.2635,3453.9094,7.5688353,6.710362,1.0,0.0,0.9987753
20761.383,1700.3834,1666.6083,3455.5337,7.5698414,6.7161226,1.0,0.0,0.99879354
20814.305,1699.5923,1665.9572,3457.145,7.5708437,6.7218513,1.0,0.0,0.9988115
20867.15,1698.8064,1665.3098,3458.744,7.571841,6.727548,1.0,0.0,0.9988292
20919.764,1698.026,1664.6665,3460.3298,7.572833,6.7332134,1.0,0.0,0.9988466
20972.31,1697.2506,1664.0272,3461.903,7.573821,6.7388473,1.0,0.0,0.99886376
21024.756,1696.4806,1663.3917,3463.4639,7.5748043,6.74445,1.0,0.0,0.9988807
21077.111,1695.7158,1662.7601,3465.012,7.5757837,6.750022,1.0,0.0,0.9988974
21129.184,1694.9562,1662.1326,3466.5479,7.5767584,6.7555633,1.0,0.0,0.99891376
21181.125,1694.2017,1661.509,3468.0715,7.577729,6.7610736,1.0,0.0,0.9989299
21232.947,1693.4525,1660.8894,3469.5828,7.578696,6.7665534,1.0,0.0,0.99894583
21284.621,1692.7084,1660.2736,3471.0823,7.5796585,6.772003,1.0,0.0,0.9989615
21336.15,1691.9694,1659.6616,3472.5696,7.580617,6.7774224,1.0,0.0,0.99897695
21387.754,1691.2355,1659.0536,3474.045,7.5815706,6.782812,1.0,0.0,0.9989922
21439.207,1690.5067,1658.4495,3475.5083,7.582521,6.788172,1.0,0.0,0.9990072
21490.488,1689.7831,1657.8492,3476.96,7.5834675,6.793502,1.0,0.0,0.999022
21541.59,1689.0643,1657.2528,3478.4,7.58441,6.798803,1.0,0.0,0.99903655
21592.693,1688.3508,1656.6603,3479.8286,7.5853486,6.8040743,1.0,0.0,0.9990509
21643.55,1687.6422,1656.0717,3481.2456,7.5862837,6.8093166,1.0,0.0,0.99906504
21694.363,1686.9385,1655.4869,3482.6511,7.5872154,6.81453,1.0,0.0,0.999079
21744.938,1686.2399,1654.9059,3484.0452,7.588143,6.8197145,1.0,0.0,0.9990927
21795.455,1685.5461,1654.3287,3485.428,7.5890675,6.824871,1.0,0.0,0.9991062
21845.693,1684.8574,1653.7554,3486.7998,7.5899878,6.829999,1.0,0.0,0.9991195
21895.87,1684.1735,1653.1859,3488.1604,7.590905,6.8350983,1.0,0.0,0.99913263
21945.959,1683.4944,1652.6204,3489.51,7.591819,6.8401694,1.0,0.0,0.99914557
21995.736,1682.8202,1652.0583,3490.8489,7.592729,6.845213,1.0,0.0,0.99915826
22045.422,1682.1509,1651.5002,3492.1768,7.5936365,6.850229,1.0,0.0,0.9991708
22094.99,1681.4863,1650.9458,3493.494,7.59454,6.855217,1.0,0.0,0.9991831
22144.45,1680.8267,1650.3951,3494.8,7.595441,6.860178,1.0,0.0,0.9991953
22193.77,1680.1716,1649.8483,3496.096,7.596338,6.8651114,1.0,0.0,0.99920726
22242.953,1679.5214,1649.3049,3497.381,7.597232,6.870018,1.0,0.0,0.99921906
22291.984,1678.876,1648.7655,3498.656,7.598123,6.8748975,1.0,0.0,0.9992307
22340.85,1678.2351,1648.2296,3499.9207,7.599011,6.8797503,1.0,0.0,0.9992421
22389.543,1677.599,1647.6975,3501.1748,7.5998955,6.8845763,1.0,0.0,0.9992534
22438.059,1676.9675,1647.1691,3502.4187,7.600777,6.889376,1.0,0.0,0.9992645
22486.613,1676.3406,1646.6443,3503.6526,7.6016564,6.89415,1.0,0.0,0.99927545
22534.977,1675.7183,1646.1229,3504.8765,7.602532,6.898897,1.0,0.0,0.99928623
22583.113,1675.1006,1645.6053,3506.09,7.6034055,6.903619,1.0,0.0,0.99929684
22631.28,1674.4873,1645.0914,3507.2942,7.6042757,6.908314,1.0,0.0,0.99930733
22679.209,1673.8788,1644.5809,3508.4883,7.6051426,6.9129844,1.0,0.0,0.99931765
22726.887,1673.2748,1644.0741,3509.6724,7.606007,6.917629,1.0,0.0,0.9993278
22774.566,1672.6752,1643.5709,3510.8472,7.606869,6.922248,1.0,0.0,0.9993378
22821.97,1672.08,1643.0713,3512.0122,7.607728,6.9268417,1.0,0.0,0.9993476
22869.383,1671.4891,1642.5752,3513.168,7.608585,6.9314103,1.0,0.0,0.99935734
22916.84,1670.9027,1642.0824,3514.314,7.6094384,6.935954,1.0,0.0,0.99936694
22964.035,1670.3209,1641.5934,3515.4504,7.6102896,6.940473,1.0,0.0,0.99937636
23011.215,1669.7433,1641.1078,3516.5776,7.611138,6.9449677,1.0,0.0,0.99938565
23058.104,1669.17,1640.6257,3517.6956,7.611984,6.9494376,1.0,0.0,0.9993948
23104.922,1668.6012,1640.147,3518.8042,7.6128273,6.953883,1.0,0.0,0.9994038
23151.691,1668.0364,1639.6716,3519.9038,7.613668,6.958305,1.0,0.0,0.99941266
23198.389,1667.476,1639.1998,3520.9944,7.6145062,6.9627028,1.0,0.0,0.9994214
23245.025,1666.9198,1638.7314,3522.076,7.6153417,6.9670763,1.0,0.0,0.99943006
23291.252,1666.3679,1638.2664,3523.1487,7.616175,6.971426,1.0,0.0,0.9994385
