tfp,gr_tfp,lab,gr_lab,sigma,theta1,Eland,Fex,beta_hat
5.1149154,0.0226765,7403.0,0.01483177,0.35032,0.07410616,2.6000006,0.5,0.9922006
5.196549,0.0225634,7511.3413,0.014231287,0.34503254,0.072623625,2.540883,0.5058823,0.9915489
5.2790685,0.022450864,7616.8174,0.013663093,0.33981997,0.071169734,2.4831097,0.5117647,0.9909299
5.3624773,0.022338891,7719.5044,0.013124842,0.33468065,0.06974379,2.42665,0.517647,0.99034125
5.4467783,0.022227475,7819.476,0.012614404,0.32961428,0.068345435,2.3714743,0.5235294,0.9897807
5.531974,0.022116615,7916.804,0.01212985,0.32461932,0.06697402,2.3175528,0.52941173,0.98924637
5.6180663,0.022006309,8011.558,0.011669419,0.31969544,0.065629184,2.2648573,0.5352941,0.9887365
5.7050605,0.02189655,8103.8066,0.011231508,0.3148417,0.06431042,2.21336,0.54117644,0.98824936
5.7929573,0.021787342,8193.616,0.01081465,0.31005654,0.06301711,2.1630337,0.5470588,0.98778355
5.881759,0.021678677,8281.05,0.010417501,0.3053391,0.061748803,2.1138518,0.55294114,0.9873377
5.9714704,0.021570554,8366.172,0.01003883,0.30068967,0.060505264,2.0657883,0.55882347,0.9869105
6.062092,0.02146297,8449.043,0.0096775,0.29610565,0.05928569,2.0188172,0.56470585,0.9865009
6.153626,0.021355923,8529.724,0.009332472,0.2915873,0.058089856,1.9729143,0.57058823,0.9861078
6.2460747,0.021249412,8608.27,0.009002783,0.28713372,0.05691732,1.9280552,0.57647055,0.9857303
6.3394423,0.021143429,8684.738,0.00868754,0.28274405,0.055767637,1.8842161,0.58235294,0.98536736
6.4337287,0.021037975,8759.186,0.008385921,0.27841645,0.05464019,1.8413734,0.58823526,0.98501825
6.5289373,0.020933047,8831.664,0.008097161,0.27415162,0.053534854,1.7995052,0.59411764,0.9846822
6.625068,0.020828644,8902.226,0.007820555,0.2699472,0.052450925,1.7585888,0.6,0.9843585
6.722125,0.02072476,8970.922,0.0075554443,0.2658039,0.051388297,1.7186029,0.60588235,0.98404646
6.8201094,0.020621395,9037.801,0.007301217,0.26171947,0.05034628,1.6795262,0.61176467,0.98374546
6.9190216,0.020518545,9102.911,0.007057301,0.25769404,0.04932468,1.641338,0.61764705,0.98345494
7.018865,0.02041621,9166.3,0.0068231635,0.25372684,0.04832311,1.604018,0.62352943,0.98317444
7.1196404,0.020314382,9228.013,0.0065983078,0.24981666,0.0473411,1.5675466,0.62941176,0.98290336
7.2213497,0.020213064,9288.093,0.0063822684,0.24596316,0.046378378,1.5319043,0.6352941,0.9826412
7.3239923,0.020112252,9346.585,0.00617461,0.24216472,0.04543441,1.4970726,0.64117646,0.98238766
7.4275723,0.020011941,9403.53,0.005974925,0.2384219,0.044509087,1.4630328,0.64705884,0.98214227
7.5320897,0.01991213,9458.969,0.0057828305,0.23473269,0.04360182,1.4297671,0.6529412,0.9819046
7.637545,0.019812819,9512.942,0.0055979663,0.23109764,0.04271251,1.3972577,0.65882355,0.9816744
7.7439404,0.019714,9565.488,0.005419995,0.22751473,0.041840572,1.3654875,0.66470593,0.98145115
7.8512754,0.019615676,9616.6455,0.005248598,0.22398414,0.040985845,1.3344394,0.6705883,0.9812347
7.959552,0.019517843,9666.449,0.005083477,0.22050473,0.040147927,1.3040978,0.67647064,0.98102474
8.068771,0.019420497,9714.936,0.0049243486,0.21707621,0.039326556,1.2744458,0.682353,0.9808209
8.178933,0.019323636,9762.141,0.004770946,0.21369752,0.038521364,1.2454678,0.6882354,0.98062295
8.290037,0.019227259,9808.096,0.00462302,0.21036799,0.03773205,1.217149,0.6941178,0.98043066
8.402085,0.019131364,9852.837,0.004480331,0.20708735,0.036958374,1.189474,0.7000001,0.9802438
8.515079,0.019035945,9896.395,0.0043426543,0.20385452,0.03619996,1.1624283,0.7058825,0.98006207
8.629015,0.018941002,9938.801,0.004209778,0.2006689,0.035456542,1.1359975,0.7117648,0.97988534
8.743897,0.018846532,9980.085,0.0040815,0.1975302,0.034727883,1.1101677,0.7176472,0.9797134
8.859725,0.018752536,10020.277,0.0039576306,0.19443738,0.03401364,1.0849252,0.7235296,0.97954595
8.976497,0.018659007,10059.408,0.0038379868,0.19138989,0.033313546,1.0602567,0.7294119,0.979383
9.094214,0.018565945,10097.503,0.0037223971,0.1883871,0.032627333,1.0361491,0.7352943,0.9792242
9.212877,0.018473348,10134.591,0.0036107004,0.18542871,0.031954784,1.0125897,0.7411766,0.97906953
9.332484,0.01838121,10170.697,0.0035027391,0.18251383,0.031295598,0.9895659,0.747059,0.97891873
9.453036,0.018289534,10205.85,0.0033983672,0.17964213,0.030649554,0.9670655,0.75294137,0.9787717
9.5745325,0.018198315,10240.072,0.0032974428,0.17681244,0.03001631,0.9450768,0.75882375,0.9786283
9.696973,0.01810755,10273.391,0.0031998337,0.17402479,0.029395726,0.9235881,0.7647061,0.9784883
9.820355,0.018017238,10305.826,0.0031054127,0.1712783,0.028787497,0.9025879,0.7705884,0.9783518
9.944681,0.017927377,10337.406,0.0030140572,0.16857238,0.02819139,0.8820653,0.7764708,0.97821844
10.069951,0.017837962,10368.149,0.0029256518,0.16590683,0.027607234,0.8620093,0.78235316,0.97808826
10.196164,0.017748995,10398.08,0.0028400866,0.16328046,0.027034685,0.8424093,0.78823555,0.97796106
10.323314,0.017660473,10427.22,0.0027572564,0.16069333,0.02647363,0.823255,0.7941179,0.9778368
10.451404,0.017572388,10455.588,0.0026770597,0.15814462,0.025923794,0.80453616,0.8000003,0.9777153
10.580432,0.017484747,10483.207,0.0025994012,0.15563408,0.025385015,0.78624314,0.8058826,0.9775965
10.710397,0.017397542,10510.095,0.002524188,0.1531606,0.024856977,0.76836574,0.81176496,0.9774804
10.841298,0.017310772,10536.272,0.0024513323,0.15072426,0.024339572,0.75089496,0.81764734,0.9773668
10.973138,0.017224433,10561.758,0.0023807504,0.14832398,0.023832502,0.7338214,0.8235297,0.9772556
11.105909,0.017138524,10586.568,0.002312361,0.14595982,0.02333566,0.7171359,0.82941216,0.9771468
11.239612,0.017053045,10610.723,0.002246088,0.143631,0.022848805,0.70083004,0.8352945,0.9770403
11.374247,0.016967993,10634.239,0.002181857,0.14133702,0.022371741,0.68489486,0.84117687,0.976936
11.50981,0.016883364,10657.134,0.002119596,0.13907765,0.021904316,0.6693221,0.84705925,0.9768338
11.646302,0.016799157,10679.423,0.002059238,0.13685194,0.02144627,0.6541032,0.85294163,0.97673374
11.783719,0.01671537,10701.122,0.0020007181,0.13465963,0.020997463,0.6392305,0.858824,0.9766357
11.922056,0.016632004,10722.248,0.0019439734,0.13250054,0.02055775,0.624696,0.86470634,0.97653955
12.061322,0.016549049,10742.814,0.0018889433,0.13037392,0.02012691,0.61049193,0.8705888,0.9764453
12.201502,0.016466511,10762.838,0.0018355702,0.12827912,0.01970475,0.59661067,0.87647116,0.97635293
12.342604,0.016384384,10782.332,0.0017837996,0.12621614,0.01929116,0.58304524,0.8823535,0.9762623
12.48462,0.016302666,10801.31,0.0017335773,0.124184325,0.018885948,0.5697882,0.8882358,0.97617334
12.627549,0.016221356,10819.785,0.0016848523,0.12218321,0.01848894,0.5568327,0.8941182,0.9760861
12.771387,0.016140454,10837.773,0.0016375764,0.12021238,0.018099988,0.54417187,0.90000045,0.9760005
12.916137,0.016059952,10855.285,0.0015917,0.11827141,0.017718924,0.5317987,0.90588284,0.97591645
13.061792,0.015979853,10872.334,0.0015471785,0.1163599,0.017345604,0.5197068,0.9117652,0.9758339
13.208355,0.01590015,10888.933,0.0015039686,0.11447739,0.016979866,0.50788987,0.91764766,0.97575283
13.355816,0.015820848,10905.092,0.0014620275,0.112623505,0.016621575,0.49634168,0.92353004,0.97567326
13.504179,0.01574194,10920.824,0.0014213145,0.11079785,0.016270578,0.48505592,0.9294125,0.975595
13.653432,0.015663426,10936.139,0.0013817914,0.108999796,0.015926702,0.47402695,0.93529487,0.97551817
13.803578,0.015585306,10951.05,0.0013434194,0.10722937,0.015589868,0.46324876,0.9411772,0.97544265
13.954616,0.015507574,10965.566,0.001306163,0.10548598,0.01525991,0.45271567,0.9470595,0.9753684
14.10654,0.01543023,10979.699,0.001269986,0.10376925,0.014936692,0.44242206,0.9529419,0.97529536
14.259351,0.015353271,10993.458,0.0012348547,0.10207878,0.01462008,0.43236247,0.9588242,0.9752236
14.413039,0.0152766965,11006.854,0.001200737,0.10041421,0.0143099455,0.42253157,0.9647066,0.97515297
14.56761,0.015200501,11019.895,0.0011676009,0.098775014,0.014006136,0.4129241,0.97058904,0.97508353
14.723051,0.015124689,11032.59,0.0011354163,0.097161144,0.0137085775,0.40353513,0.9764714,0.97501516
14.879363,0.015049253,11044.95,0.0011041539,0.09557193,0.0134171,0.39435962,0.9823539,0.9749479
15.036547,0.014974194,11056.984,0.0010737852,0.09400732,0.013131624,0.3853927,0.9882363,0.9748817
15.194594,0.014899508,11068.699,0.0010442834,0.092466675,0.0128519945,0.3766298,0.9941187,0.97481656
15.353499,0.014825195,11080.105,0.0010156211,0.09094978,0.012578112,0.36806604,1.0,0.9747524
15.513262,0.014751254,11091.209,0.000987774,0.08945631,0.012309865,0.35969707,1.0,0.97468925
15.673874,0.014677682,11102.019,0.0009607166,0.08798594,0.0120471455,0.3515184,1.0,0.974627
15.835341,0.014604475,11112.543,0.0009344254,0.08653831,0.011789834,0.34352562,1.0,0.9745657
15.997648,0.014531636,11122.789,0.0009088774,0.08511297,0.011537815,0.33571473,1.0,0.9745053
16.160799,0.014459159,11132.764,0.00088405015,0.08370988,0.011291018,0.3280814,1.0,0.9744458
16.324791,0.014387042,11142.476,0.00085992174,0.08232843,0.011049299,0.32062155,1.0,0.97438717
16.489614,0.014315286,11151.93,0.0008364719,0.080968454,0.010812577,0.31333128,1.0,0.97432935
16.655266,0.014243888,11161.135,0.0008136804,0.07962966,0.010580757,0.3062069,1.0,0.9742724
16.821747,0.014172845,11170.096,0.0007915277,0.07831171,0.010353737,0.29924443,1.0,0.97421616
16.989046,0.014102157,11178.819,0.0007699948,0.07701417,0.010131402,0.2924403,1.0,0.9741608
17.157162,0.014031822,11187.3125,0.0007490637,0.07573706,0.009913702,0.28579086,1.0,0.97410613
17.326092,0.013961837,11195.582,0.0007287166,0.07447976,0.009700501,0.27929264,1.0,0.9740522
17.495829,0.013892202,11203.632,0.00070893654,0.073242,0.009491714,0.27294216,1.0,0.973999
17.66637,0.013822913,11211.469,0.0006897068,0.072023764,0.009287285,0.26673612,1.0,0.9739466
17.837711,0.013753971,11219.1,0.0006710114,0.07082452,0.009087095,0.26067114,1.0,0.9738948
18.00985,0.013685372,11226.527,0.0006528348,0.06964422,0.008891091,0.25474414,1.0,0.9738437
18.182772,0.013617116,11233.759,0.0006351619,0.068482235,0.008699142,0.24895181,1.0,0.9737932
18.356483,0.013549199,11240.8,0.0006179784,0.06733866,0.008511213,0.24329126,1.0,0.97374344
18.530975,0.013481623,11247.654,0.0006012698,0.066212974,0.008327193,0.23775938,1.0,0.97369426
18.70624,0.013414383,11254.327,0.0005850226,0.06510504,0.008147018,0.23235333,1.0,0.9736457
18.88228,0.013347477,11260.824,0.0005692234,0.06401461,0.007970612,0.22707012,1.0,0.97359776
19.05909,0.013280905,11267.148,0.0005538595,0.0629413,0.0077978834,0.22190706,1.0,0.9735504
19.236658,0.0132146645,11273.307,0.00053891836,0.061884973,0.007628773,0.2168613,1.0,0.9735036
19.414982,0.013148755,11279.301,0.000524388,0.060845282,0.0074631968,0.21193029,1.0,0.9734574
19.594053,0.013083176,11285.137,0.000510257,0.05982218,0.007301108,0.20711154,1.0,0.9734117
19.773876,0.013017922,11290.819,0.00049651356,0.058815114,0.007142396,0.20240226,1.0,0.97336656
19.95444,0.012952994,11296.351,0.00048314693,0.057824153,0.006987033,0.1978001,1.0,0.973322
20.135735,0.012888391,11301.736,0.00047014642,0.056848865,0.0068349256,0.19330262,1.0,0.97327787
20.317762,0.012824109,11306.9795,0.0004575014,0.055889115,0.006686021,0.18890731,1.0,0.9732343
20.500513,0.012760148,11312.083,0.00044520237,0.05494467,0.0065402547,0.18461207,1.0,0.9731912
20.683985,0.012696506,11317.053,0.000433239,0.054015208,0.0063975495,0.1804144,1.0,0.9731486
20.86818,0.01263318,11321.891,0.00042160193,0.053100504,0.006257843,0.17631216,1.0,0.97310644
21.053078,0.012570172,11326.601,0.00041028226,0.05220044,0.006121089,0.17230324,1.0,0.9730648
21.238676,0.012507478,11331.186,0.00039927094,0.05131479,0.005987226,0.16838545,1.0,0.97302353
21.424973,0.012445097,11335.65,0.00038855968,0.050443258,0.0058561843,0.16455683,1.0,0.97298276
21.611963,0.012383027,11339.996,0.00037813955,0.04958571,0.0057279174,0.16081522,1.0,0.9729425
21.799639,0.012321267,11344.228,0.0003680028,0.04874196,0.005602369,0.15715867,1.0,0.97290254
21.988003,0.012259813,11348.347,0.0003581412,0.047911685,0.0054794713,0.15358528,1.0,0.9728631
22.177036,0.012198667,11352.357,0.0003485472,0.04709471,0.0053591738,0.15009306,1.0,0.972824
22.366745,0.012137825,11356.262,0.00033921338,0.046290897,0.0052414304,0.14668028,1.0,0.9727853
22.557114,0.012077287,11360.0625,0.00033013264,0.045500074,0.005126192,0.14334513,1.0,0.972747
22.748146,0.012017051,11363.763,0.00032129782,0.044721942,0.0050133946,0.14008576,1.0,0.9727091
22.939829,0.011957115,11367.365,0.0003127022,0.043956324,0.004902991,0.13690053,1.0,0.9726716
23.132162,0.011897477,11370.873,0.00030433922,0.043203108,0.004794941,0.13378775,1.0,0.9726345
23.32513,0.011838139,11374.287,0.00029620226,0.042462107,0.004689195,0.13074575,1.0,0.9725977
23.518732,0.011779097,11377.612,0.00028828523,0.041732978,0.0045856903,0.12777293,1.0,0.9725613
23.712963,0.011720349,11380.849,0.00028058203,0.041015785,0.0044844057,0.1248677,1.0,0.97252524
23.907827,0.011661892,11383.999,0.00027308657,0.040310178,0.0043852776,0.12202846,1.0,0.97248954
24.103296,0.011603729,11387.066,0.0002657935,0.039615996,0.0042882636,0.11925388,1.0,0.97245413
24.299393,0.011545854,11390.053,0.00025869688,0.038933057,0.0041933195,0.1165423,1.0,0.97241914
24.496078,0.011488269,11392.961,0.0002517917,0.038261347,0.0041004186,0.11389247,1.0,0.9723844
24.693369,0.011430971,11395.791,0.00024507244,0.037600458,0.0040094946,0.11130284,1.0,0.97235
24.891253,0.0113739595,11398.547,0.00023853406,0.0369504,0.0039205244,0.108772084,1.0,0.9723159
25.089731,0.01131723,11401.2295,0.00023217141,0.036310907,0.0038334571,0.106298804,1.0,0.9722822
25.28879,0.011260783,11403.842,0.00022597998,0.035681847,0.0037482565,0.103881784,1.0,0.97224873
25.48841,0.011204619,11406.385,0.00021995502,0.03506311,0.0036648896,0.10151975,1.0,0.97221553
25.68861,0.011148737,11408.86,0.00021409203,0.034454476,0.0035833125,0.09921144,1.0,0.9721827
25.889368,0.011093131,11411.2705,0.00020838645,0.03385585,0.0035034928,0.09695557,1.0,0.9721501
26.090683,0.011037804,11413.617,0.00020283418,0.03326702,0.003425389,0.094751045,1.0,0.97211784
26.292553,0.010982752,11415.901,0.00019743083,0.03268785,0.003348967,0.09259661,1.0,0.97208583
26.494953,0.010927975,11418.125,0.00019217249,0.032118235,0.0032741965,0.0904912,1.0,0.97205406
26.6979,0.0108734695,11420.29,0.00018705506,0.03155791,0.0032010295,0.08843359,1.0,0.9720226
26.901373,0.01081924,11422.398,0.00018207505,0.03100692,0.003129455,0.08642285,1.0,0.9719914
27.10538,0.010765276,11424.45,0.0001772282,0.030464934,0.0030594177,0.084457725,1.0,0.9719605
27.309898,0.010711582,11426.448,0.00017251131,0.029931882,0.0029908943,0.08253734,1.0,0.9719298
27.51493,0.010658157,11428.393,0.00016792063,0.029407684,0.0029238581,0.0806606,1.0,0.9718994
27.720465,0.010604999,11430.287,0.0001634532,0.028892193,0.0028582783,0.0788266,1.0,0.97186923
27.926493,0.010552106,11432.13,0.00015910507,0.028385162,0.0027941125,0.07703425,1.0,0.97183925
28.133024,0.010499476,11433.925,0.00015487334,0.02788653,0.0027313381,0.075282656,1.0,0.97180957
28.340033,0.010447111,11435.672,0.00015075487,0.027396262,0.002669936,0.073570944,1.0,0.9717801
28.547516,0.010395005,11437.373,0.00014674646,0.02691407,0.0026098613,0.071898125,1.0,0.9717509
28.755482,0.0103431605,11439.029,0.00014284509,0.02643989,0.0025510928,0.07026331,1.0,0.97172195
28.963905,0.010291574,11440.642,0.00013904813,0.025973639,0.0024936064,0.06866569,1.0,0.9716932
29.172798,0.010240243,11442.211,0.00013535249,0.025515104,0.0024373673,0.06710439,1.0,0.97166467
29.38214,0.010189169,11443.74,0.0001317556,0.025064252,0.0023823571,0.065578565,1.0,0.97163635
29.59193,0.010138351,11445.228,0.00012825482,0.024620922,0.0023285467,0.0640875,1.0,0.9716083
29.802162,0.010087784,11446.676,0.00012484736,0.02418504,0.0022759147,0.06263029,1.0,0.9715804
30.012821,0.010037472,11448.086,0.000121530946,0.023756398,0.0022244274,0.06120623,1.0,0.9715527
30.223911,0.00998741,11449.459,0.00011830303,0.023334974,0.00217407,0.059814584,1.0,0.97152525
30.435429,0.0099375965,11450.795,0.0001151611,0.02292057,0.0021248101,0.0584545,1.0,0.971498
30.647345,0.009888033,11452.097,0.00011210307,0.022513159,0.0020766328,0.057125404,1.0,0.97147095
30.859682,0.009838715,11453.363,0.00010912647,0.02211258,0.0020295097,0.055826504,1.0,0.97144413
31.07242,0.009789645,11454.597,0.00010622931,0.021718744,0.0019834214,0.054557145,1.0,0.9714175
31.285545,0.009740818,11455.797,0.00010340927,0.021331532,0.0019383439,0.05331663,1.0,0.971391
31.499062,0.009692236,11456.966,0.00010066443,0.020950846,0.001894257,0.05210434,1.0,0.9713648
31.712963,0.009643895,11458.104,9.799271e-05,0.020576578,0.0018511388,0.0509196,1.0,0.9713387
31.927238,0.009595795,11459.212,9.539209e-05,0.020208633,0.0018089695,0.0497618,1.0,0.9713128
32.141884,0.009547935,11460.291,9.2860784e-05,0.019846903,0.0017677286,0.048630323,1.0,0.97128713
32.356884,0.009500314,11461.341,9.0396825e-05,0.019491296,0.0017273964,0.047524583,1.0,0.97126156
32.572235,0.009452932,11462.363,8.799859e-05,0.01914175,0.0016879576,0.04644402,1.0,0.9712362
32.78795,0.009405783,11463.358,8.5664054e-05,0.018798096,0.0016493854,0.045387972,1.0,0.9712111
33.004005,0.009358872,11464.327,8.339165e-05,0.018460311,0.001611669,0.044355948,1.0,0.9711861
33.22038,0.009312194,11465.2705,8.1179736e-05,0.018128235,0.0015747835,0.043347377,1.0,0.9711613
33.437103,0.009265748,11466.189,7.9026635e-05,0.017801808,0.0015387142,0.04236175,1.0,0.9711366
33.654137,0.009219535,11467.083,7.6930875e-05,0.017480977,0.0015034468,0.041398562,1.0,0.9711122
33.871475,0.009173553,11467.953,7.4890886e-05,0.017165583,0.0014689584,0.04045729,1.0,0.9710879
34.08913,0.009127801,11468.801,7.29051e-05,0.016855609,0.0014352382,0.0395374,1.0,0.97106373
34.307083,0.009082277,11469.626,7.097215e-05,0.016550897,0.0014022635,0.038638443,1.0,0.9710397
34.52535,0.009036979,11470.43,6.909047e-05,0.016251402,0.0013700217,0.037759893,1.0,0.97101593
34.743904,0.0089919055,11471.211,6.725884e-05,0.015957035,0.0013384967,0.0369013,1.0,0.97099227
34.962738,0.008947057,11471.973,6.5475826e-05,0.015667712,0.0013076729,0.03606223,1.0,0.9709687
35.18185,0.0089024315,11472.714,6.374022e-05,0.015383362,0.0012775363,0.03524224,1.0,0.9709454
35.401222,0.008858032,11473.436,6.205079e-05,0.015103897,0.0012480719,0.034440942,1.0,0.97092223
35.62086,0.0088138515,11474.138,6.0406233e-05,0.014829215,0.0012192626,0.03365783,1.0,0.97089916
35.840763,0.008769892,11474.822,5.8805308e-05,0.014559289,0.0011910987,0.032892533,1.0,0.9708763
36.06091,0.008726152,11475.487,5.7246925e-05,0.014293993,0.0011635624,0.03214463,1.0,0.9708535
36.281303,0.00868263,11476.136,5.5729954e-05,0.014033301,0.0011366442,0.031413745,1.0,0.9708309
36.50193,0.008639325,11476.767,5.4253258e-05,0.013777088,0.0011103263,0.030699482,1.0,0.97080845
36.72278,0.008596239,11477.381,5.2815798e-05,0.013525306,0.0010845982,0.030001473,1.0,0.97078615
36.94388,0.008553363,11477.9795,5.141642e-05,0.013277887,0.0010594471,0.029319307,1.0,0.970764
37.16517,0.008510704,11478.562,5.005426e-05,0.013034758,0.0010348605,0.028652666,1.0,0.970742
37.386696,0.008468255,11479.129,4.8728165e-05,0.0127958255,0.0010108242,0.02800116,1.0,0.97072005
37.60842,0.00842602,11479.681,4.7437326e-05,0.0125610465,0.0009873285,0.027364487,1.0,0.9706983
37.830334,0.008383997,11480.218,4.618077e-05,0.01233035,0.0009643615,0.026742307,1.0,0.9706767
38.052452,0.00834218,11480.741,4.4957458e-05,0.01210367,0.0009419113,0.026134232,1.0,0.9706552
38.27476,0.008300572,11481.25,4.376663e-05,0.01188092,0.0009199652,0.025539987,1.0,0.97063386
38.49725,0.008259172,11481.746,4.260738e-05,0.011662061,0.0008985147,0.024959242,1.0,0.97061265
38.719906,0.008217978,11482.229,4.1478936e-05,0.011447024,0.00087754807,0.024391735,1.0,0.97059155
38.942738,0.008176989,11482.699,4.038035e-05,0.011235751,0.00085705536,0.0238371,1.0,0.9705706
39.165718,0.008136208,11483.156,3.9311013e-05,0.011028174,0.0008370261,0.02329513,1.0,0.97054976
39.388847,0.0080956295,11483.602,3.8270013e-05,0.010824218,0.00081744883,0.022765465,1.0,0.9705291
39.61213,0.008055253,11484.035,3.7256606e-05,0.010623839,0.0007983144,0.02224785,1.0,0.9705085
39.835552,0.008015078,11484.457,3.6270067e-05,0.010426983,0.00077961426,0.021741994,1.0,0.9704881
40.059135,0.0079751,11484.868,3.530962e-05,0.010233571,0.00076133665,0.0212476,1.0,0.9704677
40.28284,0.007935323,11485.269,3.437464e-05,0.010043544,0.0007434725,0.020764457,1.0,0.9704475
40.506683,0.007895742,11485.658,3.3464443e-05,0.009856867,0.00072601426,0.020292299,1.0,0.9704274
40.73062,0.0078563625,11486.037,3.2578442e-05,0.009673486,0.00070895377,0.019830909,1.0,0.9704074
40.95467,0.007817179,11486.406,3.171591e-05,0.009493344,0.00069228135,0.019379998,1.0,0.9703876
41.17883,0.0077781887,11486.766,3.0876214e-05,0.00931637,0.00067598734,0.018939331,1.0,0.97036785
41.40309,0.007739395,11487.116,3.0058798e-05,0.009142549,0.00066006643,0.018508693,1.0,0.97034824
41.627438,0.0077007944,11487.457,2.9263063e-05,0.008971788,0.0006445074,0.018087856,1.0,0.97032875
41.85187,0.0076623876,11487.789,2.8488428e-05,0.008804044,0.0006293028,0.017676597,1.0,0.9703094
42.0764,0.007624169,11488.111,2.7734255e-05,0.008639279,0.0006144455,0.017274655,1.0,0.9702901
42.300995,0.0075861434,11488.426,2.7000118e-05,0.008477427,0.0005999271,0.016881866,1.0,0.97027093
42.525658,0.007548307,11488.732,2.6285408e-05,0.008318457,0.0005857411,0.01649801,1.0,0.9702519
42.750416,0.0075106574,11489.029,2.558961e-05,0.008162305,0.000571879,0.016122868,1.0,0.97023296
42.975212,0.007473195,11489.32,2.491225e-05,0.00800894,0.00055833487,0.015756248,1.0,0.9702141
43.20005,0.0074359234,11489.603,2.425288e-05,0.007858313,0.0005451017,0.015398,1.0,0.9701954
43.42492,0.0073988377,11489.877,2.361099e-05,0.0077103665,0.0005321718,0.0150478985,1.0,0.97017676
43.649857,0.007361935,11490.145,2.298608e-05,0.0075650685,0.00051953905,0.014705737,1.0,0.9701583
43.874813,0.007325217,11490.405,2.2377722e-05,0.0074223597,0.00050719606,0.014371368,1.0,0.97013986
44.09981,0.00728868,11490.659,2.178545e-05,0.007282196,0.00049513613,0.014044576,1.0,0.97012156
44.32481,0.0072523295,11490.906,2.1208916e-05,0.007144565,0.00048335554,0.013725246,1.0,0.9701034
44.549854,0.0072161565,11491.146,2.0647622e-05,0.0070093954,0.00047184556,0.013413158,1.0,0.9700853
44.77488,0.007180167,11491.381,2.010121e-05,0.006876644,0.00046060054,0.013108186,1.0,0.9700673
44.999928,0.007144357,11491.609,1.9569288e-05,0.006746287,0.0004496155,0.012810147,1.0,0.97004944
45.22497,0.0071087247,11491.831,1.9051435e-05,0.006618267,0.00043888358,0.012518886,1.0,0.9700316
45.450012,0.0070732697,11492.047,1.8547285e-05,0.00649256,0.00042840006,0.012234234,1.0,0.970014
45.675026,0.0070379945,11492.257,1.8056522e-05,0.006369126,0.00041815965,0.011956079,1.0,0.9699964
45.90005,0.007002889,11492.462,1.7578683e-05,0.00624789,0.00040815398,0.011684202,1.0,0.96997887
46.12503,0.006967964,11492.661,1.7113565e-05,0.0061288713,0.00039838202,0.01141855,1.0,0.9699615
46.349995,0.0069332095,11492.855,1.6660706e-05,0.006011982,0.00038883503,0.011158909,1.0,0.9699442
46.574932,0.0068986304,11493.044,1.6219868e-05,0.005897224,0.00037951057,0.010905185,1.0,0.969927
46.799847,0.0068642213,11493.229,1.579067e-05,0.0057845297,0.00037040145,0.01065721,1.0,0.9699099
47.024685,0.006829986,11493.407,1.537286e-05,0.0056738965,0.0003615052,0.010414894,1.0,0.96989286
47.249493,0.0067959195,11493.582,1.4966101e-05,0.005565259,0.00035281497,0.010178078,1.0,0.969876
47.474224,0.006762027,11493.752,1.4570134e-05,0.0054586013,0.00034432742,0.00994666,1.0,0.9698592
47.698914,0.0067283,11493.916,1.4184634e-05,0.0053538824,0.00033603734,0.009720496,1.0,0.96984243
47.923557,0.006694741,11494.077,1.380932e-05,0.005251068,0.0003279403,0.009499465,1.0,0.9698258
48.148094,0.006661352,11494.234,1.34439715e-05,0.0051501417,0.0003200331,0.009283477,1.0,0.96980923
48.372566,0.006628127,11494.387,1.3088271e-05,0.0050510396,0.00031230933,0.009072383,1.0,0.9697928
48.596954,0.006595071,11494.535,1.2742022e-05,0.0049537686,0.00030476743,0.008866115,1.0,0.96977645
48.821278,0.006562175,11494.68,1.2404883e-05,0.0048582507,0.0002974001,0.008664503,1.0,0.9697601
49.045486,0.006529446,11494.82,1.20767045e-05,0.0047644945,0.0002902061,0.008467496,1.0,0.96974397
49.26962,0.00649688,11494.957,1.1757204e-05,0.004672466,0.00028318114,0.008274963,1.0,0.9697279
49.493626,0.006464478,11495.091,1.1446172e-05,0.0045821206,0.00027632064,0.008086817,1.0,0.96971184
49.717545,0.006432235,11495.221,1.1143346e-05,0.0044934256,0.00026962042,0.007902934,1.0,0.9696959
49.941364,0.0064001502,11495.347,1.0848524e-05,0.0044063595,0.00026307738,0.0077232243,1.0,0.9696801
50.165054,0.0063682282,11495.47,1.0561519e-05,0.0043208958,0.00025668813,0.007547608,1.0,0.96966434
50.38862,0.0063364664,11495.59,1.0282122e-05,0.004237019,0.00025044993,0.0073759956,1.0,0.96964866
50.61207,0.006304861,11495.706,1.0010098e-05,0.0041546714,0.00024435742,0.0072082723,1.0,0.96963304
50.835403,0.0062734135,11495.82,9.7452785e-06,0.0040738527,0.00023840895,0.007044362,1.0,0.96961755
51.058582,0.006242121,11495.931,9.487459e-06,0.003994526,0.00023260058,0.006884176,1.0,0.96960217
51.281616,0.006210988,11496.038,9.23648e-06,0.0039166706,0.00022692957,0.006727642,1.0,0.9695868
51.504498,0.0061800126,11496.143,8.992162e-06,0.0038402653,0.00022139303,0.006574683,1.0,0.96957153
51.727226,0.00614919,11496.244,8.754295e-06,0.0037652678,0.00021598676,0.00642519,1.0,0.9695564
51.94981,0.006118518,11496.344,8.5227e-06,0.0036916626,0.00021070827,0.006279083,1.0,0.9695413
52.172264,0.006087999,11496.44,8.297237e-06,0.0036194157,0.0002055542,0.0061362996,1.0,0.9695263
52.3945,0.006057636,11496.535,8.077769e-06,0.003548533,0.00020052354,0.0059967847,1.0,0.96951133
52.61657,0.006027427,11496.627,7.864122e-06,0.0034789674,0.00019561207,0.0058604483,1.0,0.9694965
52.83849,0.005997363,11496.716,7.656089e-06,0.0034106793,0.00019081589,0.005727184,1.0,0.9694817
53.060246,0.0059674494,11496.803,7.453562e-06,0.0033436774,0.00018613433,0.005596956,1.0,0.96946704
53.281796,0.005937686,11496.887,7.256398e-06,0.0032779216,0.00018156375,0.005469691,1.0,0.9694524
53.50314,0.0059080725,11496.97,7.064471e-06,0.0032134051,0.00017710248,0.00534533,1.0,0.96943784
53.72431,0.0058786087,11497.05,6.8776217e-06,0.0031500952,0.00017274743,0.0052237995,1.0,0.9694234
53.945312,0.0058492864,11497.127,6.6956936e-06,0.0030879609,0.00016849539,0.0051050144,1.0,0.969409
54.1661,0.005820111,11497.203,6.5185764e-06,0.0030269912,0.00016434472,0.004988933,1.0,0.9693947
54.38666,0.005791085,11497.277,6.3461653e-06,0.0029671777,0.00016029383,0.0048755007,1.0,0.96938044
54.607018,0.0057622017,11497.35,6.178313e-06,0.0029084815,0.00015633929,0.004764647,1.0,0.9693663
54.827168,0.0057334634,11497.42,6.014902e-06,0.0028508913,0.00015247936,0.0046563144,1.0,0.9693522
55.04709,0.0057048704,11497.487,5.8558217e-06,0.0027943894,0.00014871202,0.004550451,1.0,0.9693382
55.266785,0.0056764176,11497.555,5.7009356e-06,0.0027389482,0.00014503457,0.004446984,1.0,0.96932423
55.486286,0.005648106,11497.619,5.5501455e-06,0.0026845534,0.0001414452,0.0043458673,1.0,0.9693104
55.705578,0.0056199315,11497.682,5.403329e-06,0.0026311774,0.00013794136,0.0042470424,1.0,0.9692966
55.924587,0.0055919043,11497.743,5.2604237e-06,0.0025788248,0.00013452249,0.00415048,1.0,0.96928287
56.14341,0.0055640102,11497.803,5.1212696e-06,0.0025274495,0.00013118488,0.0040560937,1.0,0.9692692
56.361965,0.0055362578,11497.861,4.9858095e-06,0.0024770533,0.00012792782,0.0039638635,1.0,0.9692556
56.580284,0.0055086436,11497.918,4.8539328e-06,0.0024276082,0.00012474887,0.0038737303,1.0,0.9692421
56.798378,0.005481166,11497.973,4.7255357e-06,0.0023791029,0.00012164647,0.0037856398,1.0,0.9692287
57.016144,0.0054538315,11498.026,4.6005666e-06,0.002331533,0.00011861965,0.0036995756,1.0,0.96921533
57.233677,0.0054266304,11498.078,4.4788862e-06,0.0022848614,0.000115665396,0.0036154534,1.0,0.96920204
57.45096,0.0053995647,11498.129,4.360426e-06,0.0022390746,0.00011278222,0.003533246,1.0,0.9691888
57.667957,0.0053726356,11498.179,4.245108e-06,0.0021941697,0.00010996917,0.0034529148,1.0,0.96917564
57.8847,0.0053458395,11498.227,4.1328317e-06,0.0021501142,0.0001072237,0.0033744033,1.0,0.9691625
58.101223,0.0053191725,11498.273,4.0235086e-06,0.0021068982,0.000104544444,0.0032976642,1.0,0.96914953
58.317432,0.0052926415,11498.319,3.9170873e-06,0.0020645093,0.00010193015,0.0032226783,1.0,0.96913654
58.533386,0.0052662413,11498.363,3.8134808e-06,0.0020229327,9.9379205e-05,0.0031493958,1.0,0.96912366
58.749046,0.005239971,11498.407,3.7126044e-06,0.0019821501,9.6889955e-05,0.0030777738,1.0,0.96911085
58.964386,0.0052138367,11498.449,3.6144145e-06,0.0019421553,9.446148e-05,0.0030077933,1.0,0.9690981
59.17944,0.0051878328,11498.49,3.5188216e-06,0.0019029283,9.209197e-05,0.0029394033,1.0,0.9690854
59.394215,0.005161956,11498.53,3.425749e-06,0.0018644537,8.9779925e-05,0.0028725623,1.0,0.96907276
59.608654,0.005136214,11498.569,3.335159e-06,0.0018267275,8.7524626e-05,0.0028072558,1.0,0.9690602
59.822803,0.0051106,11498.607,3.2469636e-06,0.0017897286,8.5324245e-05,0.002743433,1.0,0.96904767
60.03663,0.005085112,11498.644,3.1610948e-06,0.001753441,8.317734e-05,0.0026810574,1.0,0.96903527
60.250214,0.005059747,11498.68,3.0774834e-06,0.0017178487,8.1082486e-05,0.0026200898,1.0,0.96902287
60.46348,0.005034509,11498.715,2.9960868e-06,0.0016829428,7.9038706e-05,0.00256051,1.0,0.9690106
60.676376,0.005009402,11498.748,2.9168575e-06,0.0016487212,7.7045355e-05,0.002502297,1.0,0.9689983
60.889,0.0049844156,11498.781,2.83971e-06,0.0016151553,7.510033e-05,0.002445397,1.0,0.96898615
61.10132,0.0049595525,11498.814,2.7645976e-06,0.0015822351,7.320266e-05,0.0023897863,1.0,0.96897405
61.31327,0.0049348176,11498.846,2.691488e-06,0.0015499636,7.135197e-05,0.002335451,1.0,0.96896195
61.524895,0.0049102064,11498.876,2.6203093e-06,0.0015183198,6.954667e-05,0.0022823527,1.0,0.96895
61.73622,0.004885715,11498.905,2.551008e-06,0.0014872876,6.778544e-05,0.0022304538,1.0,0.96893805
61.947174,0.0048613492,11498.935,2.4835472e-06,0.0014568595,6.60675e-05,0.0021797426,1.0,0.9689262
62.157803,0.0048371027,11498.963,2.4178637e-06,0.0014270261,6.4391796e-05,0.0021301792,1.0,0.9689144
62.36808,0.0048129805,11498.99,2.3539285e-06,0.0013977757,6.27574e-05,0.0020817495,1.0,0.96890265
62.578022,0.004788977,11499.017,2.2916795e-06,0.0013690981,6.116327e-05,0.00203442,1.0,0.96889096
62.78764,0.004765089,11499.043,2.2310667e-06,0.0013409742,5.960804e-05,0.0019881572,1.0,0.9688793
62.99693,0.0047413195,11499.068,2.1720525e-06,0.0013133994,5.8091075e-05,0.0019429426,1.0,0.9688677
63.205845,0.0047176727,11499.093,2.1146118e-06,0.0012863707,5.661184e-05,0.0018987661,1.0,0.9688562
63.414375,0.004694145,11499.117,2.0586942e-06,0.0012598735,5.5169217e-05,0.001855597,1.0,0.9688448
63.622604,0.004670729,11499.141,2.00424e-06,0.001233888,5.3761796e-05,0.001813398,1.0,0.9688334
63.830482,0.0046474296,11499.163,1.9512281e-06,0.0012084149,5.238926e-05,0.0017721595,1.0,0.96882206
64.03793,0.004624252,11499.186,1.8996294e-06,0.0011834502,5.105107e-05,0.001731867,1.0,0.96881074
64.24502,0.00460119,11499.207,1.8493953e-06,0.0011589737,4.9745875e-05,0.0016924916,1.0,0.96879953
64.451805,0.0045782374,11499.228,1.8004777e-06,0.0011349772,4.8472873e-05,0.0016540017,1.0,0.9687884
64.6582,0.004555398,11499.248,1.7528505e-06,0.0011114512,4.7231322e-05,0.0016163843,1.0,0.9687773
64.8642,0.0045326776,11499.268,1.7064949e-06,0.0010883947,4.6020843e-05,0.001579632,1.0,0.9687662
65.069855,0.004510068,11499.287,1.6613602e-06,0.0010657916,4.4840323e-05,0.0015437102,1.0,0.96875525
65.27506,0.0044875746,11499.307,1.6174259e-06,0.0010436409,4.3689408e-05,0.0015086113,1.0,0.9687443
65.47995,0.0044651907,11499.324,1.5746473e-06,0.0010219268,4.256701e-05,0.001474306,1.0,0.96873343
65.684425,0.004442921,11499.342,1.5330061e-06,0.0010006444,4.1472642e-05,0.0014407843,1.0,0.9687226
65.888565,0.004420757,11499.359,1.4924559e-06,0.0009797799,4.0405317e-05,0.0014080175,1.0,0.9687118
66.0923,0.0043987036,11499.377,1.4529801e-06,0.00095933,3.9364622e-05,0.0013759971,1.0,0.96870106
66.2956,0.004376766,11499.393,1.4145567e-06,0.00093929336,3.8350227e-05,0.0013447112,1.0,0.9686904
66.498535,0.0043549356,11499.409,1.3771452e-06,0.00091965345,3.7361067e-05,0.0013141336,1.0,0.9686798
66.70102,0.004333218,11499.425,1.3407309e-06,0.00090040773,3.639679e-05,0.0012842575,1.0,0.96866924
66.90315,0.0043116035,11499.439,1.305271e-06,0.0008815425,3.545647e-05,0.001255054,1.0,0.96865875
67.104904,0.004290098,11499.455,1.2707512e-06,0.0008630553,3.453975e-05,0.0012265152,1.0,0.9686483
67.30617,0.004268706,11499.469,1.2371527e-06,0.0008449417,3.364622e-05,0.0011986332,1.0,0.9686379
67.50707,0.0042474177,11499.483,1.2044392e-06,0.00082718936,3.2775042e-05,0.0011713817,1.0,0.9686276
67.70751,0.004226238,11499.497,1.172594e-06,0.0008097949,3.192584e-05,0.0011447532,1.0,0.96861726
67.90763,0.0042051594,11499.51,1.1415844e-06,0.00079274614,3.109782e-05,0.0011187241,1.0,0.96860707
68.10733,0.0041841846,11499.523,1.1113926e-06,0.0007760382,3.0290557e-05,0.0010932852,1.0,0.9685969
68.30662,0.0041633165,11499.535,1.0820037e-06,0.00075966836,2.9503724e-05,0.0010684278,1.0,0.96858674
68.50549,0.0041425494,11499.548,1.0533847e-06,0.0007436239,2.8736533e-05,0.0010441308,1.0,0.9685766
68.70396,0.004121885,11499.561,1.0255238e-06,0.00072790374,2.7988726e-05,0.0010203862,1.0,0.9685666
68.90197,0.0041013286,11499.572,9.984064e-07,0.00071250397,2.7259961e-05,0.0009971873,1.0,0.96855664
69.09962,0.0040808697,11499.583,9.719988e-07,0.0006974114,2.6549427e-05,0.0009745097,1.0,0.9685467
69.296814,0.004060513,11499.594,9.462905e-07,0.0006826249,2.5856896e-05,0.00095234846,1.0,0.9685368
69.49356,0.0040402617,11499.6045,9.2126663e-07,0.0006681385,2.5181947e-05,0.000930695,1.0,0.96852696
69.68992,0.0040201074,11499.615,8.9689934e-07,0.00065394386,2.4524008e-05,0.0009095296,1.0,0.9685172
69.88586,0.004000053,11499.625,8.7317585e-07,0.00064003596,2.3882701e-05,0.00088884484,1.0,0.96850747
70.08133,0.0039801016,11499.635,8.5008384e-07,0.00062641356,2.3257802e-05,0.00086863356,1.0,0.96849775
70.27643,0.0039602444,11499.645,8.275962e-07,0.0006130634,2.2648564e-05,0.0008488767,1.0,0.96848816
70.47096,0.003940499,11499.654,8.057182e-07,0.00059999333,2.20552e-05,0.00082958187,1.0,0.96847856
70.6652,0.00392084,11499.664,7.844049e-07,0.0005871818,2.1476579e-05,0.00081071403,1.0,0.968469
70.85891,0.003901287,11499.672,7.6366354e-07,0.0005746354,2.0912868e-05,0.0007922822,1.0,0.96845955
71.05219,0.003881828,11499.682,7.4346707e-07,0.00056234363,2.0363454e-05,0.0007742663,1.0,0.96845007
71.245056,0.0038624667,11499.689,7.238061e-07,0.00055030326,1.9828058e-05,0.0007566608,1.0,0.96844065
71.43741,0.003843207,11499.697,7.046699e-07,0.0005385124,1.930647e-05,0.0007394607,1.0,0.96843135
71.62939,0.0038240382,11499.705,6.860343e-07,0.00052695913,1.8798037e-05,0.00072264666,1.0,0.96842206
71.82093,0.003804963,11499.713,6.678896e-07,0.0005156417,1.830256e-05,0.000706213,1.0,0.96841276
72.01199,0.003785986,11499.721,6.5022743e-07,0.000504558,1.7819824e-05,0.00069015566,1.0,0.9684036
72.20255,0.0037671097,11499.729,6.3303884e-07,0.0004937054,1.7349603e-05,0.0006744685,1.0,0.9683944
72.3927,0.0037483228,11499.735,6.162995e-07,0.0004830722,1.6891274e-05,0.0006591341,1.0,0.9683853
72.5824,0.00372963,11499.742,6.000032e-07,0.00047265872,1.644473e-05,0.0006441485,1.0,0.9683762
72.771614,0.003711033,11499.75,5.8414014e-07,0.00046246115,1.6009708e-05,0.0006295059,1.0,0.9683672
72.960495,0.00369252,11499.756,5.686895e-07,0.00045246902,1.5585656e-05,0.00061518967,1.0,0.9683583
73.14877,0.0036741113,11499.762,5.5365695e-07,0.00044268952,1.5172771e-05,0.00060120766,1.0,0.96834934
73.33659,0.0036557934,11499.769,5.390213e-07,0.00043311107,1.4770469e-05,0.0005875423,1.0,0.96834046
73.52412,0.0036375523,11499.775,5.2476094e-07,0.0004237231,1.4378206e-05,0.0005741777,1.0,0.9683316
73.7111,0.0036194108,11499.781,5.108843e-07,0.0004145339,1.3996236e-05,0.00056112255,1.0,0.9683228
73.89768,0.0036013527,11499.787,4.973699e-07,0.00040553178,1.3623977e-05,0.00054835994,1.0,0.96831405
74.08384,0.0035833814,11499.792,4.8421015e-07,0.00039671478,1.326126e-05,0.0005358851,1.0,0.96830535
74.26952,0.0035655026,11499.798,4.7140085e-07,0.00038808255,1.2907977e-05,0.000523696,1.0,0.96829665
74.45464,0.0035477187,11499.803,4.5893438e-07,0.00037963208,1.2563928e-05,0.0005117876,1.0,0.968288
74.63923,0.003530033,11499.809,4.46804e-07,0.00037136223,1.2228968e-05,0.00050015666,1.0,0.9682795
74.823364,0.0035124323,11499.813,4.349917e-07,0.00036326266,1.1902606e-05,0.0004887877,1.0,0.9682709
75.00706,0.0034949176,11499.818,4.2349097e-07,0.00035533126,1.1584671e-05,0.00047767628,1.0,0.96826243
75.19025,0.0034774945,11499.823,4.1229703e-07,0.0003475674,1.12750595e-05,0.0004668201,1.0,0.96825397
75.373085,0.0034601467,11499.828,4.0139207e-07,0.00033996024,1.0973269e-05,0.00045620333,1.0,0.96824557
75.55533,0.0034428965,11499.832,3.9078188e-07,0.00033251717,1.0679512e-05,0.0004458347,1.0,0.9682372
75.73715,0.0034257292,11499.836,3.8045036e-07,0.00032522884,1.0393348e-05,0.00043570015,1.0,0.9682289
75.91849,0.0034086467,11499.841,3.7039126e-07,0.00031809267,1.0114607e-05,0.00042579512,1.0,0.9682206
76.099335,0.0033916524,11499.846,3.606002e-07,0.0003111076,9.843178e-06,0.00041611728,1.0,0.96821237
76.279816,0.0033747312,11499.85,3.510616e-07,0.00030426416,9.578628e-06,0.00040665315,1.0,0.9682042
76.4597,0.003357906,11499.854,3.417812e-07,0.00029756915,9.321156e-06,0.00039741,1.0,0.96819603
76.63919,0.0033411584,11499.857,3.3274327e-07,0.0002910131,9.070328e-06,0.000388374,1.0,0.9681879
76.8182,0.0033244933,11499.861,3.239434e-07,0.0002845942,8.8260185e-06,0.0003795427,1.0,0.9681798
76.99671,0.003307914,11499.865,3.153778e-07,0.0002783118,8.588141e-06,0.00037091362,1.0,0.9681718
77.1747,0.0032914227,11499.868,3.0704126e-07,0.0002721642,8.356569e-06,0.00036248355,1.0,0.9681638
77.352325,0.003275002,11499.871,2.9891945e-07,0.00026614222,8.130901e-06,0.00035423925,1.0,0.96815586
77.5293,0.0032586777,11499.875,2.9101938e-07,0.00026025253,7.911333e-06,0.00034618945,1.0,0.96814793
77.70586,0.0032424293,11499.879,2.83326e-07,0.0002544859,7.697463e-06,0.0003383203,1.0,0.96814007
77.88192,0.0032262625,11499.881,2.7583565e-07,0.00024884156,7.489209e-06,0.00033063005,1.0,0.96813226
78.05749,0.003210179,11499.885,2.6854462e-07,0.00024331755,7.2864505e-06,0.0003231158,1.0,0.96812445
78.23276,0.0031941596,11499.888,2.614394e-07,0.00023790584,7.0888386e-06,0.0003157651,1.0,0.9681167
78.4074,0.0031782303,11499.891,2.5452673e-07,0.00023261274,6.8965546e-06,0.00030858608,1.0,0.96810895
78.581665,0.0031623712,11499.894,2.477926e-07,0.00022742883,6.7092155e-06,0.00030156618,1.0,0.96810126
78.755295,0.003146609,11499.896,2.41244e-07,0.00022236114,6.527021e-06,0.0002947139,1.0,0.96809363
78.92844,0.003130924,11499.898,2.3486804e-07,0.00021740135,6.3496254e-06,0.00028801645,1.0,0.96808606
79.10104,0.0031153182,11499.902,2.28661e-07,0.0002125476,6.1769197e-06,0.00028147176,1.0,0.9680785
79.27339,0.0030997726,11499.904,2.2261122e-07,0.00020779192,6.00858e-06,0.00027506845,1.0,0.968071
79.44518,0.0030843115,11499.906,2.1672417e-07,0.00020314052,5.84478e-06,0.0002688139,1.0,0.9680635
79.61657,0.0030689172,11499.909,2.1098879e-07,0.00019858565,5.6852086e-06,0.00026269702,1.0,0.968056
79.787346,0.0030536135,11499.912,2.054103e-07,0.00019413227,5.53e-06,0.00025672524,1.0,0.9680486
79.95766,0.0030383817,11499.914,1.9997778e-07,0.0001897735,5.3788726e-06,0.00025088707,1.0,0.96804124
80.127525,0.003023224,11499.916,1.94688e-07,0.00018550732,5.2317228e-06,0.00024518117,1.0,0.96803385
80.29688,0.003008142,11499.918,1.895387e-07,0.00018133366,5.088504e-06,0.00023960527,1.0,0.9680266
80.46568,0.0029931415,11499.921,1.8452732e-07,0.00017725109,4.949137e-06,0.00023415795,1.0,0.9680193
80.63394,0.002978223,11499.923,1.7965088e-07,0.00017325846,4.813545e-06,0.00022883735,1.0,0.9680121
80.80182,0.0029633658,11499.925,1.7489896e-07,0.00016934842,4.6814434e-06,0.00022363293,1.0,0.9680049
80.96906,0.0029485966,11499.927,1.7027726e-07,0.00016552671,4.552991e-06,0.00021855187,1.0,0.9679977
81.13589,0.0029338943,11499.929,1.6577566e-07,0.00016178562,4.4278995e-06,0.0002135838,1.0,0.96799064
81.3023,0.00291926,11499.931,1.6139134e-07,0.00015812415,4.3061023e-06,0.0002087269,1.0,0.96798354
81.468216,0.0029046976,11499.933,1.5712271e-07,0.00015454197,4.187557e-06,0.00020398023,1.0,0.96797645
81.63365,0.0028902094,11499.934,1.5296756e-07,0.00015103768,4.0721893e-06,0.0001993419,1.0,0.9679695
81.79851,0.0028757988,11499.936,1.4892356e-07,0.00014761067,3.959949e-06,0.00019481071,1.0,0.9679625
81.96277,0.0028614681,11499.9375,1.4498896e-07,0.00014426005,3.850777e-06,0.00019038505,1.0,0.9679555
82.12674,0.0028471937,11499.939,1.4115389e-07,0.00014097868,3.7444133e-06,0.00018605514,1.0,0.9679486
82.29006,0.0028330043,11499.941,1.3742404e-07,0.00013777189,3.641004e-06,0.00018182804,1.0,0.96794176
82.45297,0.0028188764,11499.942,1.3379046e-07,0.00013463318,3.5403118e-06,0.00017769428,1.0,0.9679349
82.61551,0.0028048109,11499.943,1.3025098e-07,0.00013156101,3.442264e-06,0.00017365217,1.0,0.9679281
82.777565,0.0027908115,11499.945,1.2680415e-07,0.00012855513,3.346827e-06,0.00016970088,1.0,0.9679213
82.93918,0.0027768807,11499.947,1.2344807e-07,0.00012561482,3.2539547e-06,0.00016583902,1.0,0.9679146
83.10024,0.0027630208,11499.948,1.2018116e-07,0.00012273902,3.1635896e-06,0.0001620655,1.0,0.96790785
83.26078,0.0027492351,11499.949,1.1700194e-07,0.0001199274,3.0756978e-06,0.00015837922,1.0,0.9679012
83.42073,0.002735527,11499.951,1.1390877e-07,0.00011717928,2.990234e-06,0.00015477913,1.0,0.96789455
83.58006,0.0027218987,11499.952,1.108998e-07,0.00011449354,2.9071423e-06,0.00015126364,1.0,0.96788794
83.739075,0.0027083217,11499.953,1.07966926e-07,0.000111863796,2.8262018e-06,0.00014782403,1.0,0.9678814
83.89776,0.0026947993,11499.955,1.0510871e-07,0.000109289154,2.7473682e-06,0.00014445919,1.0,0.9678748
84.05571,0.0026813643,11499.956,1.0233036e-07,0.0001067754,2.670794e-06,0.00014117593,1.0,0.9678683
84.213234,0.0026679903,11499.957,9.962411e-08,0.00010431538,2.5962465e-06,0.00013796559,1.0,0.9678619
84.37037,0.0026546763,11499.959,9.698823e-08,0.00010190902,2.5236989e-06,0.00013482709,1.0,0.9678554
84.52698,0.0026414273,11499.959,9.4421914e-08,9.955532e-05,2.453107e-06,0.00013175947,1.0,0.967849
84.68312,0.002628246,11499.961,9.1923496e-08,9.725395e-05,2.3844411e-06,0.00012876188,1.0,0.96784264
84.83869,0.0026151335,11499.961,8.949205e-08,9.500424e-05,2.3176626e-06,0.00012583335,1.0,0.96783626
84.99374,0.0026020946,11499.963,8.712615e-08,9.280551e-05,2.2527356e-06,0.00012297295,1.0,0.96782994
85.148125,0.00258913,11499.963,8.482452e-08,9.0657224e-05,2.1896244e-06,0.00012017974,1.0,0.9678237
85.30231,0.002576209,11499.965,8.258012e-08,8.855336e-05,2.1281364e-06,0.00011744561,1.0,0.9678174
85.455795,0.002563369,11499.965,8.039782e-08,8.6498556e-05,2.0683942e-06,0.00011477697,1.0,0.9678112
85.60896,0.002550577,11499.967,7.8270624e-08,8.448724e-05,2.010217e-06,0.00011216575,1.0,0.967805
85.761375,0.0025378703,11499.967,7.620314e-08,8.2523955e-05,1.9537222e-06,0.00010961834,1.0,0.9677989
85.91343,0.0025252183,11499.969,7.4188925e-08,8.060299e-05,1.8987309e-06,0.000107126936,1.0,0.96779275
86.06509,0.002512621,11499.969,7.222664e-08,7.872374e-05,1.8452109e-06,0.00010469066,1.0,0.96778667
86.21629,0.002500082,11499.97,7.0315515e-08,7.68858e-05,1.7931382e-06,0.00010230881,1.0,0.9677806
86.36708,0.0024876022,11499.971,6.8454575e-08,7.50887e-05,1.7424842e-06,9.998069e-05,1.0,0.9677745
86.51735,0.002475185,11499.971,6.6642876e-08,7.333179e-05,1.6932196e-06,9.7705444e-05,1.0,0.96776855
86.66707,0.002462834,11499.973,6.487963e-08,7.1614755e-05,1.6453223e-06,9.548279e-05,1.0,0.96776253
86.81624,0.0024505495,11499.973,6.316393e-08,6.993706e-05,1.5987633e-06,9.331168e-05,1.0,0.9677566
86.96481,0.0024383364,11499.974,6.149478e-08,6.829833e-05,1.5535207e-06,9.119142e-05,1.0,0.96775067
87.11325,0.0024261568,11499.975,5.9866196e-08,6.6692926e-05,1.5094266e-06,8.911492e-05,1.0,0.9677448
87.261,0.0024140521,11499.975,5.828252e-08,6.512543e-05,1.4665962e-06,8.708802e-05,1.0,0.9677389
87.408035,0.0024020267,11499.976,5.6743126e-08,6.359563e-05,1.4250119e-06,8.511015e-05,1.0,0.96773314
87.554794,0.002390041,11499.977,5.524196e-08,6.20978e-05,1.3845064e-06,8.317418e-05,1.0,0.9677273
87.700806,0.002378139,11499.977,5.3783335e-08,6.0636812e-05,1.3452003e-06,8.128581e-05,1.0,0.9677216
87.84653,0.0023662818,11499.978,5.236157e-08,5.920697e-05,1.306931e-06,7.94382e-05,1.0,0.9677158
87.99188,0.0023544722,11499.979,5.0975984e-08,5.7808094e-05,1.2696838e-06,7.763081e-05,1.0,0.96771014
88.13689,0.002342712,11499.979,4.9625974e-08,5.6439836e-05,1.2334397e-06,7.586302e-05,1.0,0.9677044
88.280975,0.002331045,11499.979,4.8315634e-08,5.5106553e-05,1.1983046e-06,7.414071e-05,1.0,0.96769875
88.4246,0.002319433,11499.9795,4.703949e-08,5.3803116e-05,1.164133e-06,7.245689e-05,1.0,0.96769315
88.56778,0.0023078765,11499.98,4.5796828e-08,5.2529056e-05,1.1309035e-06,7.0811104e-05,1.0,0.96768755
88.71044,0.0022963793,11499.98,4.458721e-08,5.1284092e-05,1.0986001e-06,6.9202906e-05,1.0,0.967682
88.85256,0.0022849438,11499.981,4.3409916e-08,5.0067873e-05,1.0672055e-06,6.76318e-05,1.0,0.96767646
88.994705,0.0022735267,11499.982,4.2259916e-08,4.887536e-05,1.0365814e-06,6.609126e-05,1.0,0.9676709
89.13625,0.0022621753,11499.982,4.1141206e-08,4.7710986e-05,1.0068344e-06,6.458692e-05,1.0,0.96766543
89.277176,0.0022508914,11499.982,4.0053145e-08,4.6574303e-05,9.779446e-07,6.311822e-05,1.0,0.96765995
89.417435,0.002239678,11499.982,3.8995196e-08,4.5465007e-05,9.4989633e-07,6.168473e-05,1.0,0.9676545
89.55762,0.0022284915,11499.983,3.7962515e-08,4.4378285e-05,9.225605e-07,6.028011e-05,1.0,0.96764916
89.69703,0.0022173799,11499.984,3.6958905e-08,4.331823e-05,8.960333e-07,5.89099e-05,1.0,0.96764374
89.83626,0.0022062988,11499.984,3.597963e-08,4.2280197e-05,8.701911e-07,5.7567817e-05,1.0,0.9676384
89.974754,0.0021952966,11499.984,3.502838e-08,4.1268173e-05,8.4512664e-07,5.6259094e-05,1.0,0.96763307
90.11301,0.0021843296,11499.985,3.4100584e-08,4.027765e-05,8.2072125e-07,5.497782e-05,1.0,0.96762776
90.25039,0.0021734473,11499.986,3.31998e-08,3.9312556e-05,7.97065e-07,5.37291e-05,1.0,0.9676225
90.38753,0.0021626034,11499.986,3.2321548e-08,3.8368275e-05,7.7403837e-07,5.2507046e-05,1.0,0.9676173
90.52434,0.0021518003,11499.986,3.146548e-08,3.744468e-05,7.5163223e-07,5.1311225e-05,1.0,0.967612
90.660164,0.0021410892,11499.986,3.0635036e-08,3.654561e-05,7.2993356e-07,5.0146842e-05,1.0,0.96760684
90.795654,0.0021304234,11499.987,2.982588e-08,3.5666573e-05,7.088277e-07,4.900799e-05,1.0,0.96760166
90.93073,0.0021198043,11499.987,2.903763e-08,3.4807275e-05,6.883022e-07,4.7894322e-05,1.0,0.96759653
91.06542,0.0021092335,11499.988,2.8269884e-08,3.3967553e-05,6.683474e-07,4.680552e-05,1.0,0.9675914
91.19962,0.002098714,11499.988,2.7522335e-08,3.314714e-05,6.4895215e-07,4.5741326e-05,1.0,0.96758634
91.33336,0.0020882473,11499.988,2.679458e-08,3.2345735e-05,6.301041e-07,4.4701337e-05,1.0,0.9675813
91.46659,0.0020778354,11499.988,2.6086266e-08,3.1563228e-05,6.11795e-07,4.3685282e-05,1.0,0.96757627
91.59928,0.0020674807,11499.988,2.539699e-08,3.0799212e-05,5.940109e-07,4.2692773e-05,1.0,0.96757126
91.73139,0.0020571859,11499.989,2.4726472e-08,3.0053547e-05,5.767434e-07,4.1723608e-05,1.0,0.96756625
91.86293,0.0020469525,11499.99,2.4074298e-08,2.932593e-05,5.5998055e-07,4.0777377e-05,1.0,0.9675613
91.99451,0.0020367277,11499.99,2.3436709e-08,2.861236e-05,5.4362573e-07,3.98488e-05,1.0,0.96755636
92.12547,0.0020265684,11499.99,2.2816877e-08,2.7916414e-05,5.277573e-07,3.894264e-05,1.0,0.9675514
92.25571,0.002016477,11499.99,2.2214458e-08,2.7237866e-05,5.123653e-07,3.8058603e-05,1.0,0.9675466
92.385956,0.0020063985,11499.99,2.1625794e-08,2.6572745e-05,4.9735553e-07,3.7191443e-05,1.0,0.9675417
92.51547,0.0019963928,11499.99,2.1053976e-08,2.5924606e-05,4.828047e-07,3.6345882e-05,1.0,0.9675368
92.64417,0.0019864615,11499.991,2.0498648e-08,2.5293193e-05,4.6870238e-07,3.5521574e-05,1.0,0.96753204
92.77285,0.001976548,11499.991,1.9956273e-08,2.4674664e-05,4.549587e-07,3.471345e-05,1.0,0.9675272
92.90064,0.0019667146,11499.992,1.942984e-08,2.4072477e-05,4.416472e-07,3.39261e-05,1.0,0.9675225
93.02836,0.0019569027,11499.992,1.891589e-08,2.3482771e-05,4.286787e-07,3.3154458e-05,1.0,0.96751773
93.155945,0.0019471131,11499.992,1.841418e-08,2.2905435e-05,4.160476e-07,3.2398362e-05,1.0,0.96751297
93.282585,0.0019374094,11499.992,1.7927624e-08,2.2343784e-05,4.038234e-07,3.1662286e-05,1.0,0.9675083
93.40902,0.0019277331,11499.992,1.7452876e-08,2.179422e-05,3.9192375e-07,3.0941337e-05,1.0,0.9675036
93.53451,0.0019181465,11499.992,1.6992695e-08,2.1259939e-05,3.8041458e-07,3.0239862e-05,1.0,0.96749896
93.65969,0.0019085909,11499.992,1.6543856e-08,2.0737332e-05,3.6921477e-07,2.9553077e-05,1.0,0.96749437
93.78466,0.0018990665,11499.993,1.6106135e-08,2.022622e-05,3.583177e-07,2.8880762e-05,1.0,0.9674897
93.90934,0.0018895762,11499.993,1.5679385e-08,1.9726445e-05,3.4771756e-07,2.8222774e-05,1.0,0.96748513
94.033775,0.0018801205,11499.993,1.5263385e-08,1.92379e-05,3.37409e-07,2.7578933e-05,1.0,0.9674806
94.15699,0.0018707666,11499.994,1.4860763e-08,1.8763765e-05,3.27456e-07,2.6953432e-05,1.0,0.96747607
