kplusy,lambd_haty,nuAT_haty,nuUO_haty,nuLO_haty,etaAT_haty,etaOC_haty
228.39972,0.97478056,0.6585625,-0.5078886,-0.0991318,-0.013000487,-0.19528493
234.16373,0.9830326,0.6583385,-0.507197,-0.09900855,-0.012612655,-0.19634648
240.33858,0.98979753,0.6587664,-0.5065579,-0.0990088,-0.012626736,-0.19753659
246.895,0.9956287,0.65951926,-0.5061667,-0.099066906,-0.01273468,-0.19875184
253.80974,1.000579,0.66040754,-0.5059014,-0.09910991,-0.012973755,-0.20015761
261.07056,1.0046318,0.66123044,-0.50578654,-0.09918352,-0.013334512,-0.20149203
268.6409,1.0080646,0.6620076,-0.5057935,-0.09919306,-0.013642265,-0.20291685
276.5209,1.0106153,0.66284674,-0.50591147,-0.09930553,-0.013897791,-0.20433836
284.69443,1.0126109,0.66377455,-0.5061114,-0.09947864,-0.014158978,-0.20577298
293.16336,1.0141265,0.66486955,-0.5065136,-0.09979146,-0.014422058,-0.20724829
301.91522,1.0152845,0.6659212,-0.5069668,-0.10002757,-0.014683559,-0.20875804
310.9507,1.0160868,0.6670235,-0.507494,-0.10018362,-0.014924242,-0.21028818
320.25763,1.0166104,0.6681928,-0.5081735,-0.10043884,-0.015153631,-0.21184237
329.85138,1.0167221,0.6695275,-0.50892663,-0.10087718,-0.015397294,-0.21344158
339.70532,1.0166361,0.67093533,-0.5097911,-0.10132571,-0.015548713,-0.21513638
349.81625,1.0163004,0.67253363,-0.5107831,-0.10167874,-0.015708886,-0.2168145
360.17743,1.0157881,0.67418635,-0.5118189,-0.102081574,-0.01592604,-0.2185773
370.78845,1.0150721,0.67596346,-0.5129347,-0.1025155,-0.016162112,-0.2203594
381.63464,1.01424,0.6777519,-0.5140598,-0.10295362,-0.016399324,-0.22219543
392.72415,1.0133181,0.6796566,-0.51530063,-0.10347909,-0.016634062,-0.22406587
404.06754,1.0123428,0.6816425,-0.51663405,-0.10402917,-0.016811922,-0.2259246
415.6543,1.0113177,0.68367225,-0.5180373,-0.10456712,-0.017032504,-0.22781378
427.48306,1.0102273,0.68574375,-0.5194898,-0.105101846,-0.017286852,-0.22972117
439.545,1.0091522,0.6878275,-0.5209416,-0.105674826,-0.017529026,-0.2316688
451.84198,1.008044,0.6899326,-0.52250576,-0.10624685,-0.01778385,-0.23363422
464.38074,1.0068953,0.69208086,-0.5241334,-0.1068364,-0.018045269,-0.23557195
477.162,1.0056968,0.69426495,-0.52573484,-0.107453905,-0.01824829,-0.23752445
490.17462,1.0044937,0.696508,-0.5273825,-0.10808822,-0.018476143,-0.23951659
503.42865,1.0033326,0.69876534,-0.5290921,-0.10874499,-0.018698856,-0.2415278
516.91956,1.0022167,0.70107055,-0.5309005,-0.109439604,-0.01892218,-0.24353985
530.6531,1.001085,0.70343125,-0.5327319,-0.11018597,-0.019122817,-0.24562183
544.6305,0.99995697,0.7058412,-0.53458875,-0.11093808,-0.01937215,-0.24772748
558.8497,0.99882734,0.7082743,-0.5364596,-0.11165439,-0.019631118,-0.24984163
573.3007,0.9977039,0.7107663,-0.5384083,-0.112426944,-0.019869477,-0.25202063
587.99756,0.9966301,0.71323705,-0.5404092,-0.11323534,-0.020046614,-0.25427157
602.9492,0.9955975,0.7157211,-0.54243785,-0.11401125,-0.020263523,-0.25654238
618.1537,0.99455106,0.7182435,-0.54453546,-0.11480677,-0.020497248,-0.25881514
633.6073,0.9934766,0.72079235,-0.54669225,-0.11566392,-0.020697273,-0.26107985
649.29785,0.99243426,0.7233489,-0.54880834,-0.11645202,-0.020952292,-0.26340538
665.22046,0.9914117,0.72595084,-0.5509773,-0.117241375,-0.021196827,-0.26574165
681.4019,0.99040735,0.72862136,-0.5532478,-0.11805493,-0.021434411,-0.26811284
697.8331,0.98938453,0.7313302,-0.55555403,-0.11887764,-0.021643624,-0.27041265
714.50476,0.9883997,0.7340816,-0.5578457,-0.11968462,-0.021857403,-0.27263257
731.4244,0.98742616,0.736865,-0.5601704,-0.120505,-0.022075042,-0.27486458
748.5953,0.9864646,0.73966587,-0.56258047,-0.121387236,-0.02229862,-0.27710894
765.9935,0.9854845,0.7424893,-0.565074,-0.12236405,-0.022551179,-0.27937624
783.62915,0.9845557,0.74536693,-0.56752944,-0.12332382,-0.022765547,-0.28168985
801.5112,0.98365724,0.7482766,-0.56998694,-0.1243056,-0.02297303,-0.28400892
819.64856,0.98278725,0.7512135,-0.5724672,-0.12528108,-0.02319409,-0.28636578
838.0413,0.98198104,0.7541617,-0.5750341,-0.12626322,-0.023434423,-0.28873742
856.6983,0.9812021,0.7571126,-0.57764995,-0.12727407,-0.023662448,-0.29109412
875.61755,0.9804307,0.76010734,-0.5802727,-0.12830971,-0.023857638,-0.29352158
894.80676,0.97971696,0.7632269,-0.5829694,-0.12937729,-0.024067834,-0.29594982
914.257,0.97903323,0.76637846,-0.5856814,-0.13045506,-0.024275817,-0.29840207
933.9723,0.97837496,0.769542,-0.588415,-0.13152045,-0.024490416,-0.30083916
953.9552,0.97774744,0.77271134,-0.59116817,-0.13256633,-0.024712726,-0.30325428
974.2115,0.977124,0.77591234,-0.59395504,-0.13362497,-0.024937145,-0.30567744
994.74677,0.9765054,0.7791452,-0.5967865,-0.13470423,-0.025165588,-0.30810466
1015.5546,0.9758817,0.7824491,-0.5996384,-0.13580635,-0.025371373,-0.31053033
1036.6227,0.9752521,0.7858753,-0.60251975,-0.13696355,-0.025506467,-0.31297392
1057.9604,0.97464895,0.7892414,-0.6054391,-0.13808116,-0.025768116,-0.31538668
1079.5686,0.974069,0.79261744,-0.60833025,-0.13918126,-0.026043266,-0.31787637
1101.4406,0.9735135,0.79598844,-0.6112433,-0.14029455,-0.026305154,-0.32038674
1123.602,0.97298163,0.79933673,-0.61419624,-0.14140484,-0.026565284,-0.32287505
1146.028,0.97244537,0.80274063,-0.61719817,-0.14257833,-0.02678807,-0.32537618
1168.7266,0.97191846,0.80616015,-0.6202407,-0.14377734,-0.026996374,-0.3278941
1191.7098,0.9714067,0.8095876,-0.6232999,-0.14495265,-0.027209751,-0.33038035
1214.9872,0.9709409,0.8130537,-0.6264497,-0.14617571,-0.02745895,-0.33286944
1238.5599,0.970484,0.8165132,-0.6296025,-0.14738418,-0.027660713,-0.33539456
1262.4379,0.97003156,0.81997067,-0.6327607,-0.14859655,-0.027850233,-0.33793786
1286.5901,0.9695891,0.8235029,-0.6359346,-0.14987789,-0.028071746,-0.34044302
1310.9963,0.9692116,0.8271401,-0.63912934,-0.15114559,-0.028306164,-0.34300444
1335.6799,0.96884215,0.8308102,-0.64233977,-0.15241161,-0.028523088,-0.3455658
1360.6595,0.9684688,0.8345084,-0.64556324,-0.15367134,-0.028724007,-0.3481098
1385.9365,0.9681101,0.83824843,-0.6488338,-0.15495604,-0.028949544,-0.3506599
1411.53,0.9677621,0.8419654,-0.6521049,-0.15624155,-0.02916766,-0.3531876
1437.4166,0.96742266,0.84571946,-0.6554018,-0.15755147,-0.029343434,-0.35576448
1463.5897,0.967106,0.84954375,-0.65878034,-0.15890788,-0.029529385,-0.3583584
1490.0559,0.96678245,0.85342723,-0.6621911,-0.16025291,-0.029757574,-0.3609127
1516.8386,0.96647185,0.8573277,-0.6656263,-0.16159444,-0.0299737,-0.36347145
1543.9429,0.96617585,0.8612724,-0.669114,-0.16296852,-0.030187309,-0.36604002
1571.361,0.9659307,0.8652729,-0.6726842,-0.16439234,-0.030392013,-0.36862022
1599.0914,0.9656935,0.8693024,-0.6762759,-0.16585036,-0.030599013,-0.3712285
1627.1066,0.9654325,0.8732829,-0.6797331,-0.16720617,-0.03084439,-0.37383324
1655.4178,0.96518147,0.87728703,-0.68312454,-0.16852245,-0.031112522,-0.37641734
1684.0507,0.96490985,0.881287,-0.68652093,-0.16985175,-0.03136538,-0.37903017
1712.9788,0.96463764,0.88529634,-0.6899656,-0.17121893,-0.031585082,-0.3816623
1742.1746,0.96443117,0.889256,-0.6934778,-0.17264006,-0.031821117,-0.38425592
1771.7346,0.96422994,0.89317834,-0.6969539,-0.17399998,-0.03204502,-0.386805
1801.6542,0.9640176,0.8971318,-0.7004892,-0.17538652,-0.03226313,-0.3893551
1831.9213,0.96379614,0.9011282,-0.70407814,-0.17680043,-0.0324929,-0.39192012
1862.505,0.96358705,0.9051388,-0.7076831,-0.17826767,-0.032685444,-0.39447445
1893.4039,0.96338546,0.9091699,-0.71130824,-0.1797523,-0.03286612,-0.3970232
1924.6586,0.96315926,0.9131457,-0.714977,-0.18120763,-0.033089958,-0.39958087
1956.2153,0.9629375,0.917094,-0.71860194,-0.18266061,-0.03335969,-0.40208277
1988.0741,0.9627339,0.9210442,-0.72222,-0.18414082,-0.033598274,-0.4045817
2020.263,0.9625256,0.9249917,-0.72583246,-0.18563294,-0.03380896,-0.40708032
2052.7834,0.962322,0.9289619,-0.7295105,-0.18716104,-0.03400998,-0.40961123
2085.6377,0.96212244,0.9329542,-0.73325413,-0.1887249,-0.034201294,-0.4121743
2118.8245,0.9619168,0.936947,-0.7369603,-0.19028693,-0.034389585,-0.41472703
2152.3147,0.9617119,0.9409219,-0.7406361,-0.19185075,-0.03457278,-0.41727015
2186.1565,0.96150404,0.9449274,-0.7443626,-0.19342496,-0.034761995,-0.41978782
2220.3274,0.9612793,0.94894826,-0.7480923,-0.19499187,-0.0349513,-0.42229488
2254.812,0.9610271,0.9530035,-0.75184226,-0.19657964,-0.035128266,-0.42480662
2289.6057,0.9608075,0.957078,-0.75563735,-0.19819438,-0.035297304,-0.42733404
2324.7056,0.9606179,0.9611919,-0.7594691,-0.19978945,-0.03545007,-0.4298962
2360.1233,0.9604343,0.9653314,-0.76332104,-0.20139161,-0.03560233,-0.4324554
2395.8813,0.9602574,0.96952164,-0.7672269,-0.20302673,-0.035747305,-0.43502125
2431.989,0.9600879,0.9737592,-0.77115834,-0.2046943,-0.035902247,-0.43757492
2468.4355,0.95992196,0.97801495,-0.77506095,-0.2063643,-0.036090165,-0.44009858
2505.225,0.95975554,0.98229736,-0.77898943,-0.20804358,-0.036276832,-0.442621
2542.3481,0.9596044,0.9865986,-0.78294164,-0.20972684,-0.03646581,-0.44514406
2579.7922,0.959473,0.9909167,-0.78691417,-0.21141239,-0.036657616,-0.4476669
2617.5664,0.95934415,0.99526083,-0.7909084,-0.21310538,-0.036848187,-0.45018694
2655.6772,0.9592159,0.99963105,-0.7949261,-0.21480648,-0.03703761,-0.45270422
2694.1335,0.95909107,1.0040212,-0.79896516,-0.21651089,-0.037224263,-0.45521405
2732.919,0.9589418,1.0084567,-0.80305386,-0.21824692,-0.037391677,-0.4577203
2772.0166,0.95879066,1.0128813,-0.8071427,-0.21997972,-0.03752376,-0.4602186
2811.4678,0.9586737,1.0173459,-0.8112801,-0.22172071,-0.037671924,-0.46276513
2851.265,0.9585453,1.0218842,-0.81544936,-0.22347383,-0.03784263,-0.4653175
2891.4094,0.9584124,1.0264556,-0.819639,-0.22523719,-0.03801553,-0.46786416
2931.8992,0.95829844,1.0309972,-0.82381034,-0.22698133,-0.03817445,-0.47038856
2972.7283,0.9581919,1.0355269,-0.82798564,-0.22872037,-0.03834556,-0.47291037
3013.883,0.95809436,1.0400777,-0.8321777,-0.23048481,-0.038521618,-0.4754361
3055.3677,0.9579917,1.0446761,-0.83640015,-0.23225015,-0.038722202,-0.47792074
3097.2112,0.9578835,1.049308,-0.84060603,-0.23402947,-0.038900673,-0.4803577
3139.407,0.9577676,1.053967,-0.84483874,-0.23582172,-0.039069995,-0.4827965
3181.944,0.95764315,1.0586443,-0.84909606,-0.23760699,-0.039223656,-0.4852432
3224.8132,0.9575249,1.0633304,-0.85336393,-0.23936301,-0.039371908,-0.48768285
3268.018,0.9574014,1.0680536,-0.85767263,-0.24112996,-0.039519474,-0.49012738
3311.542,0.95727813,1.0728358,-0.8620657,-0.24291019,-0.03967899,-0.49258822
3355.4082,0.9571936,1.0776103,-0.86646724,-0.24471696,-0.039831027,-0.4950786
3399.6196,0.95710653,1.0824101,-0.87088937,-0.246531,-0.039981782,-0.4975651
3444.184,0.9570161,1.0872347,-0.87533253,-0.24835294,-0.04013154,-0.5000477
3489.0942,0.95693886,1.092072,-0.8797866,-0.25016153,-0.040304035,-0.5025111
3534.3608,0.9568629,1.0969265,-0.88425064,-0.25196674,-0.040486276,-0.50496507
3580.001,0.95677876,1.1017523,-0.88868535,-0.25376442,-0.04067616,-0.50743264
3625.993,0.9566841,1.1065476,-0.8931068,-0.25558978,-0.040815547,-0.5098587
3672.317,0.95658326,1.111369,-0.8975379,-0.2574397,-0.040962145,-0.51226866
3718.9612,0.95647895,1.1162202,-0.9019764,-0.25931013,-0.041124746,-0.5146671
3765.9287,0.9563751,1.1210945,-0.90642995,-0.2611855,-0.041286543,-0.5170598
3813.2222,0.95627093,1.1259923,-0.91089976,-0.26306638,-0.04144752,-0.5194471
3860.8518,0.9561653,1.1309137,-0.9153865,-0.264953,-0.041607544,-0.52182925
3908.8206,0.95605505,1.1358557,-0.91989297,-0.26684445,-0.04176396,-0.5242008
3957.1274,0.9559775,1.1408042,-0.92442465,-0.26874405,-0.04191415,-0.52656937
4005.7734,0.9559238,1.1457666,-0.928977,-0.2706517,-0.04206218,-0.5289398
4054.755,0.95586383,1.1507508,-0.933555,-0.27257544,-0.04220514,-0.5312999
4104.0723,0.9557967,1.155753,-0.9381531,-0.27451727,-0.042344302,-0.53365046
4153.7266,0.95572615,1.160776,-0.9427643,-0.27646434,-0.042483717,-0.53599656
4203.7246,0.9556519,1.1658213,-0.94739246,-0.27841672,-0.04262182,-0.53833747
4254.0625,0.9555745,1.1708899,-0.95203876,-0.28037617,-0.042758778,-0.5406737
4304.7544,0.9555115,1.1760092,-0.9567406,-0.28237352,-0.042889208,-0.5430213
4355.797,0.9554429,1.1811508,-0.9614602,-0.28437683,-0.04301852,-0.54536426
4407.18,0.955377,1.1862937,-0.96618307,-0.2863941,-0.043161824,-0.5477023
4458.9116,0.9553052,1.1914463,-0.97091925,-0.28840774,-0.043311328,-0.55003697
4511.0376,0.95526063,1.1966089,-0.9756902,-0.2903865,-0.043482244,-0.55233496
4563.569,0.95521915,1.2017772,-0.98042935,-0.29240307,-0.043631077,-0.55458754
4616.4604,0.95516896,1.2069503,-0.9851796,-0.29441744,-0.043778762,-0.5568405
4669.676,0.955097,1.2121481,-0.9899355,-0.29646432,-0.04390034,-0.5590841
4723.2246,0.95502216,1.217366,-0.99470484,-0.29851547,-0.04402119,-0.5613213
4777.1055,0.95494366,1.2226039,-0.9994877,-0.30057046,-0.044141084,-0.56355214
4831.328,0.95487463,1.2278694,-1.0042939,-0.30264413,-0.044268668,-0.56579727
4885.9023,0.95481753,1.233128,-1.0090894,-0.30474904,-0.04440026,-0.5681219
4940.823,0.95475423,1.2384061,-1.0138999,-0.30685955,-0.044530734,-0.570439
4996.099,0.95468473,1.2436913,-1.0187179,-0.3089856,-0.0446575,-0.5727298
5051.7207,0.95461726,1.2489893,-1.0235571,-0.31110573,-0.044786423,-0.5749988
5107.6777,0.9545446,1.2543125,-1.0284116,-0.3132304,-0.044911087,-0.5772628
5163.9736,0.95447373,1.2596487,-1.0332848,-0.31534573,-0.045035973,-0.5795139
5220.643,0.954406,1.2649627,-1.0381732,-0.3174399,-0.045180142,-0.5817404
5277.6807,0.9543197,1.2702903,-1.0430789,-0.3195445,-0.045309916,-0.58395725
5335.078,0.9542268,1.2756411,-1.0479962,-0.3216527,-0.04544097,-0.5861723
5392.788,0.9541359,1.2810148,-1.0529099,-0.32375386,-0.04557921,-0.58839166
5450.7944,0.9540389,1.2863475,-1.057827,-0.32582206,-0.045705646,-0.590586
5509.102,0.95394075,1.2916963,-1.0627507,-0.3278919,-0.04583177,-0.59277254
5567.7085,0.95384216,1.297056,-1.0676728,-0.32996696,-0.045958728,-0.5949497
5626.6123,0.95374286,1.3024266,-1.0725939,-0.33204687,-0.046085835,-0.5971177
5685.823,0.9536418,1.3078125,-1.0775217,-0.33412796,-0.046212777,-0.5992778
5745.338,0.9535384,1.3132136,-1.082456,-0.3362108,-0.046339646,-0.6014303
5805.1577,0.9534323,1.3186297,-1.0873971,-0.33829486,-0.0464662,-0.6035753
5865.3057,0.9533216,1.3240367,-1.0923393,-0.3403697,-0.04658048,-0.6057062
5925.7544,0.9532075,1.3294545,-1.0972974,-0.34245,-0.046688348,-0.6078262
5986.507,0.95309,1.3348868,-1.1022621,-0.34453163,-0.046796083,-0.6099387
6047.541,0.9529773,1.3403449,-1.1072357,-0.34663922,-0.046910763,-0.6120391
6108.8423,0.9528674,1.3458207,-1.1122131,-0.3487564,-0.047028422,-0.6141293
6170.39,0.95276093,1.3513379,-1.1172378,-0.35091907,-0.047127724,-0.616238
6232.202,0.95265794,1.3568548,-1.1222596,-0.35307452,-0.047224402,-0.6183434
6294.2827,0.95256114,1.3623844,-1.127301,-0.35522482,-0.04731725,-0.6204405
6356.666,0.95249164,1.3679737,-1.1324223,-0.35737997,-0.04741454,-0.6225134
6419.396,0.9524369,1.3735789,-1.1375413,-0.35952032,-0.047524914,-0.624562
6482.461,0.95237494,1.3792015,-1.1426667,-0.3616601,-0.04762116,-0.62660223
6545.855,0.9523095,1.3848281,-1.147793,-0.36380628,-0.047725096,-0.6286488
6609.5933,0.9522408,1.3904463,-1.1529119,-0.36594808,-0.047831222,-0.6307135
6673.686,0.95216376,1.3960719,-1.1580356,-0.36808634,-0.047933936,-0.632777
6738.115,0.95207804,1.4017072,-1.1631671,-0.37022698,-0.04803975,-0.6348305
6802.866,0.95198596,1.4073492,-1.1683036,-0.37236974,-0.04815033,-0.6368704
6867.94,0.95188737,1.4130027,-1.1734458,-0.37451303,-0.04826069,-0.63890314
6933.318,0.9517833,1.4186676,-1.1785934,-0.37665778,-0.048370153,-0.6409279
6998.998,0.95168936,1.4243559,-1.1837716,-0.3788448,-0.04845345,-0.6429342
7064.9663,0.9515914,1.4300535,-1.1889518,-0.38103122,-0.048536852,-0.6449323
7131.21,0.9514894,1.4357564,-1.1941476,-0.3832258,-0.048627675,-0.6469121
7197.704,0.9513848,1.4414599,-1.1993709,-0.3854375,-0.04873377,-0.64886296
7264.449,0.9512795,1.4471705,-1.204592,-0.38764703,-0.048839927,-0.65080416
7331.4473,0.95117325,1.4528879,-1.2098113,-0.38985458,-0.04894626,-0.6527364
7398.6997,0.9510654,1.4586122,-1.2150292,-0.3920601,-0.04905276,-0.65465975
7466.214,0.9509554,1.4643424,-1.2202454,-0.3942637,-0.049159363,-0.6565738
7533.981,0.950843,1.4700793,-1.22546,-0.39646488,-0.04926586,-0.6584793
7601.987,0.9507245,1.4758247,-1.2306641,-0.39866155,-0.049364924,-0.6603875
7670.2354,0.9506044,1.481575,-1.2358651,-0.4008553,-0.04946372,-0.66228676
7738.728,0.95048296,1.4873304,-1.241063,-0.40304646,-0.049562976,-0.66417646
7807.474,0.9503595,1.4930905,-1.2462583,-0.4052352,-0.049662307,-0.66605693
7876.4644,0.9502343,1.4988548,-1.2514503,-0.40742123,-0.049761936,-0.66792846
7945.702,0.95010674,1.504623,-1.2566394,-0.40960473,-0.04986167,-0.6697905
8015.1934,0.94997257,1.510388,-1.2618285,-0.411784,-0.049964428,-0.6716556
8084.9575,0.94986403,1.5161244,-1.2670155,-0.4139685,-0.050061077,-0.6735224
8154.964,0.9497722,1.521853,-1.2722012,-0.41615763,-0.050153285,-0.6753767
8225.1455,0.94968736,1.5276293,-1.2774332,-0.41837502,-0.050248265,-0.67721957
8295.642,0.94963837,1.5334136,-1.2826637,-0.42059866,-0.050309896,-0.67906475
8366.491,0.9496067,1.5392044,-1.2879174,-0.4228266,-0.050356254,-0.68091875
8437.666,0.94956505,1.5450053,-1.2931821,-0.42506063,-0.05040452,-0.6827655
8509.148,0.94952095,1.5508195,-1.2984772,-0.4273099,-0.05045986,-0.6846054
8581.011,0.9494765,1.556633,-1.3038058,-0.42956454,-0.05052288,-0.6864442
8653.23,0.94941854,1.5624517,-1.309139,-0.4318182,-0.050585866,-0.6882771
8725.753,0.94935656,1.5682883,-1.3144739,-0.43408877,-0.050660968,-0.6901132
8798.6,0.9492949,1.5741291,-1.3198105,-0.43636066,-0.050747365,-0.6919536
8871.765,0.94922376,1.5799719,-1.3251485,-0.43862975,-0.050834626,-0.6937878
8945.241,0.9491438,1.5858165,-1.3304855,-0.4408964,-0.05092205,-0.69561476
9019.002,0.9490559,1.5916626,-1.335821,-0.44315997,-0.051009163,-0.6974338
9093.044,0.9489608,1.5975093,-1.3411534,-0.44542006,-0.05109635,-0.6992447
9167.345,0.9488598,1.6033556,-1.3464817,-0.44767657,-0.051183537,-0.7010478
9241.912,0.9487533,1.6092016,-1.3518051,-0.44992918,-0.051270887,-0.7028419
9316.721,0.9486419,1.6150461,-1.3571228,-0.4521777,-0.051358104,-0.70462775
9391.776,0.9485258,1.6208887,-1.3624339,-0.4544219,-0.051445186,-0.7064054
9467.09,0.94840723,1.6267258,-1.3677423,-0.45667148,-0.051520213,-0.70819604
9542.649,0.9482844,1.63256,-1.3730468,-0.45891786,-0.05159484,-0.70997995
9618.444,0.9481572,1.6383914,-1.3783438,-0.4611595,-0.051669255,-0.7117549
9694.479,0.9480256,1.6442193,-1.3836339,-0.46339607,-0.051744074,-0.7135205
9770.73,0.94789076,1.6500441,-1.388916,-0.4656277,-0.05181898,-0.7152773
9847.219,0.94776106,1.6558619,-1.3941927,-0.46785682,-0.05189322,-0.71702486
9923.945,0.9476285,1.6616734,-1.3994616,-0.47008082,-0.051967457,-0.7187631
10000.921,0.94749194,1.6674786,-1.4047215,-0.4722993,-0.052042425,-0.7204922
10078.116,0.94735086,1.6732798,-1.4099736,-0.47451273,-0.052117348,-0.72221255
10155.542,0.94720554,1.679076,-1.4152176,-0.47672114,-0.05219233,-0.72392386
10233.174,0.94705665,1.6848668,-1.4204521,-0.47892392,-0.052267194,-0.72562605
10311.021,0.94690454,1.6906521,-1.4256778,-0.48112118,-0.052342445,-0.72731936
10389.076,0.9467499,1.6964309,-1.430892,-0.48331255,-0.052417606,-0.72900337
10467.315,0.94659257,1.7022034,-1.4360964,-0.48549813,-0.05249293,-0.73067796
10545.746,0.94643325,1.7079687,-1.4412893,-0.48767734,-0.052568287,-0.73234296
10624.342,0.946305,1.7137262,-1.446488,-0.4898518,-0.052638292,-0.7339873
10703.169,0.9461987,1.7194539,-1.451664,-0.49201316,-0.052708,-0.73561585
10782.259,0.94609,1.7251577,-1.4568108,-0.49416223,-0.05277972,-0.7372375
10861.603,0.94597435,1.7308556,-1.4619504,-0.49630654,-0.052851573,-0.73885113
10941.171,0.94585264,1.736546,-1.4670815,-0.4984454,-0.052923396,-0.7404568
11020.966,0.94572586,1.7422296,-1.4722036,-0.5005789,-0.052995265,-0.7420538
11100.973,0.9455951,1.7479048,-1.477315,-0.50270617,-0.053067222,-0.74364233
11181.174,0.9454576,1.7535651,-1.482415,-0.5048293,-0.053137437,-0.74521947
11261.572,0.94531393,1.7592107,-1.4875042,-0.50694805,-0.053206444,-0.7467857
11342.161,0.94516706,1.7648466,-1.4925814,-0.50906044,-0.05327539,-0.7483429
11422.932,0.9450178,1.7704732,-1.4976456,-0.5111663,-0.053344578,-0.74989116
11503.864,0.94486666,1.7760891,-1.5026972,-0.51326543,-0.05341351,-0.7514304
11584.957,0.94469714,1.7817174,-1.5077623,-0.51540595,-0.05345103,-0.7529807
11666.2,0.9445273,1.787357,-1.5128549,-0.51756495,-0.053504884,-0.7545236
11747.588,0.94435704,1.7929862,-1.517934,-0.5197177,-0.053559497,-0.7560569
11829.124,0.9441855,1.7986034,-1.5229983,-0.52186275,-0.05361399,-0.757581
11910.81,0.94401324,1.804209,-1.5280471,-0.52400047,-0.053668678,-0.7590959
11992.612,0.9438405,1.8098017,-1.5330809,-0.5261307,-0.053723246,-0.7606011
12074.551,0.94366705,1.8153821,-1.5380988,-0.52825326,-0.053777754,-0.7620971
12156.624,0.9434949,1.8209517,-1.5431044,-0.5303685,-0.05383165,-0.76358384
12238.837,0.94333065,1.8265175,-1.5481105,-0.53247714,-0.053882495,-0.7650607
12321.172,0.9431652,1.8320706,-1.5531003,-0.53457844,-0.053933233,-0.7665284
12403.648,0.94300795,1.8376105,-1.5580835,-0.5366732,-0.05398254,-0.76798785
12486.341,0.9428845,1.8431396,-1.5630898,-0.53876483,-0.054026023,-0.76944184
12569.234,0.94275534,1.8486564,-1.5680835,-0.5408503,-0.054069445,-0.7708881
12652.301,0.94262177,1.8541601,-1.5730634,-0.54292834,-0.05411257,-0.7723262
12735.525,0.9424842,1.8596506,-1.5780294,-0.54499924,-0.0541559,-0.7737558
12818.907,0.9423436,1.8651276,-1.5829804,-0.5470628,-0.0541991,-0.77517724
12902.431,0.9422003,1.8705902,-1.5879164,-0.54911864,-0.054242224,-0.7765902
12986.086,0.942055,1.8760386,-1.592836,-0.55116713,-0.054285258,-0.77799445
13069.84,0.9418834,1.8815335,-1.59779,-0.5532877,-0.0543198,-0.77942157
13153.739,0.9417179,1.8870068,-1.6027281,-0.5553901,-0.05437316,-0.7808433
13237.78,0.94155,1.8924644,-1.6076499,-0.5574844,-0.05442694,-0.78225636
13321.925,0.94138056,1.897906,-1.6125544,-0.55957043,-0.054480597,-0.7836604
13406.208,0.94120944,1.9033319,-1.617442,-0.5616481,-0.05453424,-0.7850559
13490.595,0.94103366,1.9087458,-1.6223133,-0.5637161,-0.054582357,-0.7864394
13575.097,0.9408502,1.9141663,-1.6271759,-0.5657807,-0.054620206,-0.787799
13659.692,0.9406698,1.9195822,-1.6320273,-0.5678475,-0.054664835,-0.7891428
13744.361,0.9404885,1.9249804,-1.6368598,-0.5699056,-0.054709405,-0.7904775
13829.11,0.94030756,1.9303613,-1.6416736,-0.5719548,-0.05475439,-0.79180324
13913.949,0.94012654,1.9357241,-1.6464679,-0.57399505,-0.0547992,-0.7931202
13998.858,0.9399454,1.9410691,-1.6512437,-0.5760264,-0.054844037,-0.7944281
14083.848,0.9397643,1.9463961,-1.6560004,-0.5780486,-0.054889098,-0.7957273
14168.926,0.9395833,1.951705,-1.6607374,-0.58006215,-0.05493413,-0.79701775
14254.078,0.939409,1.9570265,-1.6654893,-0.5820818,-0.054976568,-0.7982969
14339.332,0.93924046,1.9623587,-1.6702543,-0.5841068,-0.05501668,-0.79956543
14424.677,0.93907064,1.9676722,-1.6750007,-0.58612335,-0.0550566,-0.8008255
14510.086,0.9388999,1.9729675,-1.6797285,-0.58813083,-0.055096775,-0.8020774
14595.568,0.93872845,1.9782437,-1.6844372,-0.5901291,-0.05513698,-0.80332065
14681.125,0.9385565,1.9835006,-1.689126,-0.59211856,-0.055176914,-0.8045553
14766.737,0.9383843,1.9887385,-1.6937954,-0.59409875,-0.05521716,-0.8057817
14852.41,0.9382118,1.993957,-1.6984456,-0.59606993,-0.05525717,-0.80699974
14938.137,0.93803734,1.9991571,-1.7030897,-0.59804153,-0.055297434,-0.8082154
15023.931,0.9378513,2.0043466,-1.7078128,-0.6000735,-0.05533807,-0.809465
15109.781,0.9376658,2.0095136,-1.7125142,-0.6020953,-0.055378973,-0.81070566
15195.682,0.93748,2.0146596,-1.7171953,-0.6041074,-0.055420265,-0.8119378
15281.654,0.9372934,2.019786,-1.7218556,-0.60610986,-0.055461287,-0.8131616
15367.684,0.93712366,2.02489,-1.7264802,-0.6080969,-0.05549799,-0.8143656
15453.745,0.9369678,2.0299728,-1.731071,-0.61006945,-0.055530995,-0.81555176
15539.845,0.936812,2.035035,-1.7356406,-0.6120321,-0.05556397,-0.8167293
15625.993,0.93665624,2.0400763,-1.7401898,-0.6139854,-0.055597067,-0.81789887
15712.183,0.93650484,2.045112,-1.7447402,-0.6159362,-0.055633172,-0.81906235
15798.457,0.93636024,2.0501533,-1.7493095,-0.6178906,-0.05567485,-0.8202223
15884.816,0.9362017,2.055171,-1.7538552,-0.619838,-0.055701405,-0.82136214
15971.267,0.9360336,2.0601654,-1.758379,-0.62177753,-0.055719823,-0.8224881
16057.805,0.93586326,2.0651393,-1.7628838,-0.62370765,-0.055738017,-0.82360625
16144.414,0.935691,2.070093,-1.7673688,-0.62562853,-0.055756345,-0.8247166
16231.072,0.9355173,2.0750246,-1.7718337,-0.62753963,-0.05577469,-0.8258196
16317.722,0.9353423,2.0799432,-1.7762761,-0.62944466,-0.055799812,-0.826916
16404.39,0.9351677,2.0849228,-1.7807659,-0.6313379,-0.055825993,-0.8280385
16491.084,0.9349959,2.089883,-1.7852348,-0.63321835,-0.055846795,-0.82915056
16577.781,0.934824,2.0948212,-1.7896818,-0.63508904,-0.05586779,-0.8302547
16664.482,0.9346523,2.099737,-1.7941074,-0.63695,-0.055888817,-0.8313507
16751.229,0.9344811,2.1046298,-1.7985108,-0.63880116,-0.05591002,-0.8324383
16837.973,0.93431014,2.1095004,-1.8028922,-0.64064246,-0.055930838,-0.833518
16924.717,0.934139,2.11435,-1.8072517,-0.6424715,-0.05595152,-0.83458847
17011.47,0.9339681,2.1191785,-1.8115889,-0.6442899,-0.055972144,-0.83565056
17098.201,0.93379784,2.1239839,-1.815904,-0.64609885,-0.055992752,-0.83670497
17184.95,0.93362993,2.1287715,-1.8202018,-0.6478994,-0.056011885,-0.8377524
17271.895,0.93348783,2.1335666,-1.8245258,-0.64971215,-0.056049302,-0.83881986
17359.025,0.9333415,2.138359,-1.8288627,-0.6515341,-0.05608003,-0.8398801
17446.285,0.93318856,2.14313,-1.8331813,-0.6533475,-0.0561101,-0.8409338
17533.625,0.9330306,2.1478784,-1.8374805,-0.65515167,-0.056140006,-0.8419805
17621.062,0.9328687,2.1526036,-1.84176,-0.6569462,-0.056169912,-0.8430205
17708.53,0.9327044,2.157311,-1.8460237,-0.6587302,-0.056200027,-0.8440553
17796.047,0.9325384,2.161995,-1.8502667,-0.6605044,-0.056230217,-0.8450831
17883.598,0.9323709,2.166656,-1.8544878,-0.6622687,-0.056260332,-0.8461033
17971.127,0.93220276,2.1712933,-1.8586867,-0.66402346,-0.056290224,-0.8471158
18058.676,0.93203396,2.175907,-1.8628645,-0.6657681,-0.056320146,-0.8481209
18146.205,0.9318648,2.1804972,-1.8670197,-0.66750294,-0.056350127,-0.84911823
18233.758,0.93169534,2.1850634,-1.8711526,-0.6692276,-0.056380138,-0.8501081
18321.295,0.93152595,2.1896057,-1.8752639,-0.6709425,-0.05641009,-0.85109013
18408.814,0.9313568,2.1941242,-1.8793523,-0.67264724,-0.0564401,-0.8520646
18496.283,0.9311756,2.1986156,-1.8834201,-0.6743418,-0.056458846,-0.8530356
18583.672,0.9309848,2.2030802,-1.8874664,-0.67602605,-0.0564671,-0.854002
18670.967,0.9307966,2.2075222,-1.8914905,-0.6777005,-0.056475416,-0.8549609
18758.21,0.93061256,2.2120154,-1.8955531,-0.6793828,-0.056484863,-0.8559166
18845.379,0.93043053,2.2164843,-1.8995919,-0.681055,-0.056494087,-0.8568646
18932.463,0.93025076,2.2209287,-1.9036076,-0.6827171,-0.056503356,-0.8578044
19019.504,0.93007255,2.225348,-1.9075996,-0.68436897,-0.056512758,-0.858737
19106.469,0.92989635,2.229743,-1.9115679,-0.6860107,-0.056522235,-0.8596618
19193.367,0.9297214,2.2341132,-1.9155133,-0.687642,-0.056531653,-0.86057913
19280.22,0.9295369,2.2384953,-1.9194723,-0.68927,-0.056541905,-0.8614918
19366.957,0.92934847,2.2428696,-1.9234247,-0.69089025,-0.056552887,-0.86239815
19453.684,0.9291616,2.247219,-1.9273537,-0.6925007,-0.05656387,-0.86329716
19540.305,0.928976,2.251544,-1.9312601,-0.69410115,-0.056574553,-0.864189
19626.863,0.928792,2.2558439,-1.9351428,-0.69569135,-0.056585714,-0.8650733
19713.36,0.92860943,2.260119,-1.9390026,-0.69727176,-0.056596503,-0.86595017
19799.76,0.928428,2.264369,-1.9428393,-0.6988423,-0.056607574,-0.8668198
19886.168,0.92824674,2.2685962,-1.9466522,-0.7004051,-0.056615397,-0.86767864
19972.56,0.92806464,2.2727985,-1.9504423,-0.7019588,-0.056622595,-0.86852974
20058.914,0.92788196,2.2769766,-1.9542114,-0.7035027,-0.05662979,-0.86937416
20145.146,0.9276904,2.2811575,-1.9579893,-0.7050665,-0.056640342,-0.87020695
20231.256,0.9274943,2.2853353,-1.961769,-0.7066435,-0.05665362,-0.87102884
20317.248,0.9273014,2.2894878,-1.9655252,-0.7082101,-0.05666685,-0.87184334
20403.104,0.92711157,2.2936156,-1.9692569,-0.7097669,-0.056679994,-0.8726506
20488.89,0.9269244,2.297718,-1.9729652,-0.71131325,-0.056693196,-0.8734509
20574.508,0.9267401,2.3017962,-1.9766502,-0.7128497,-0.056706756,-0.8742439
20659.992,0.9265566,2.3058786,-1.980341,-0.71439385,-0.05672528,-0.87502456
20745.41,0.92637575,2.309946,-1.9840171,-0.7159338,-0.05674547,-0.8757965
20830.67,0.9261979,2.313988,-1.9876696,-0.71746355,-0.056765616,-0.8765614
20915.828,0.9260187,2.318014,-1.9913049,-0.7189862,-0.056783333,-0.8773237
21000.871,0.9258385,2.3220236,-1.9949222,-0.72050154,-0.0567988,-0.8780831
21085.79,0.9256607,2.326008,-1.9985163,-0.72200656,-0.05681418,-0.878836
21170.555,0.92548525,2.3299677,-2.0020869,-0.7235018,-0.05682978,-0.8795819
21255.174,0.9253118,2.3339026,-2.005635,-0.724987,-0.056845203,-0.88032126
21339.693,0.92514056,2.337812,-2.0091603,-0.72646195,-0.056860715,-0.8810539
21424.105,0.92497087,2.3416967,-2.012662,-0.72792715,-0.056876287,-0.88178
21508.574,0.92480445,2.3455434,-2.0161235,-0.7293751,-0.05689265,-0.8824906
21593.123,0.9246337,2.3493645,-2.0195646,-0.7308129,-0.056908697,-0.88319594
21677.621,0.92446107,2.3531814,-2.022986,-0.73225296,-0.056915775,-0.8838887
21762.057,0.92428726,2.3569753,-2.0263722,-0.7336525,-0.0569198,-0.8845707
21846.379,0.9241115,2.3607528,-2.0297449,-0.7350333,-0.05692631,-0.8852506
21930.576,0.9239373,2.3645055,-2.0330954,-0.7364046,-0.056932896,-0.88592416
22014.7,0.92376506,2.3682334,-2.0364237,-0.73776644,-0.05693972,-0.8865915
22098.658,0.92359453,2.3719366,-2.0397296,-0.7391186,-0.05694641,-0.8872526
22182.535,0.9234253,2.3756151,-2.0430136,-0.7404614,-0.056953117,-0.8879078
22266.303,0.9232532,2.3792841,-2.0462801,-0.7417984,-0.05696088,-0.8885591
22349.95,0.9230788,2.38294,-2.0495286,-0.7431291,-0.056969732,-0.88920593
22433.463,0.9229057,2.386572,-2.0527556,-0.7444507,-0.05697848,-0.8898468
22516.9,0.9227343,2.3901794,-2.0559607,-0.7457626,-0.05698721,-0.8904818
22600.16,0.92256415,2.393762,-2.0591445,-0.74706537,-0.056996062,-0.8911111
22683.326,0.9223954,2.397321,-2.0623066,-0.74835885,-0.057004943,-0.89173436
22766.361,0.9222284,2.400855,-2.0654473,-0.749643,-0.057013884,-0.8923519
22849.27,0.92206264,2.4043653,-2.0685668,-0.7509181,-0.05702278,-0.89296365
22932.115,0.92189634,2.4078522,-2.0716605,-0.75218236,-0.057028353,-0.8935753
23014.752,0.92173195,2.411316,-2.0747325,-0.7534374,-0.05703324,-0.8941818
23097.287,0.9215698,2.4147553,-2.0777829,-0.75468326,-0.057038277,-0.89478266
23179.613,0.9214097,2.4181712,-2.0808125,-0.75591993,-0.057043225,-0.895378
23261.797,0.92125165,2.4215631,-2.0838203,-0.7571478,-0.057048142,-0.8959671
23343.828,0.9210953,2.4249313,-2.086808,-0.7583666,-0.057053298,-0.8965509
23425.807,0.9209407,2.4282758,-2.089774,-0.7595765,-0.05705826,-0.8971293
23507.611,0.92078775,2.431597,-2.092719,-0.7607774,-0.05706337,-0.8977021
23589.312,0.9206369,2.434894,-2.095644,-0.76196945,-0.057068646,-0.8982692
23670.826,0.92048764,2.4381685,-2.098548,-0.7631524,-0.05707386,-0.8988309
23752.195,0.92034006,2.4414191,-2.1014318,-0.76432693,-0.057079226,-0.899387
23833.453,0.9201939,2.4446464,-2.1042948,-0.76549244,-0.057084337,-0.8999384
23914.559,0.92004925,2.4478505,-2.1071377,-0.7666493,-0.05708976,-0.9004841
23995.494,0.919906,2.4510317,-2.1099606,-0.7677974,-0.057095215,-0.9010247
24076.264,0.91976464,2.4541898,-2.1127632,-0.7689371,-0.057100534,-0.9015601
24156.932,0.9196246,2.4573252,-2.1155457,-0.77006793,-0.057105914,-0.9020901
24237.396,0.91948605,2.4604373,-2.118308,-0.7711903,-0.057111457,-0.90261495
24317.74,0.91934925,2.4635267,-2.121051,-0.7723041,-0.057116956,-0.90313464
24397.969,0.9192138,2.4665935,-2.1237738,-0.7734093,-0.057122648,-0.9036494
24478.256,0.91907454,2.4696734,-2.1264863,-0.77453494,-0.057123363,-0.9041776
24558.598,0.9189303,2.472735,-2.1291828,-0.77565545,-0.057123587,-0.9047047
24638.91,0.9187816,2.4757729,-2.1318617,-0.7767671,-0.05712405,-0.90522814
24719.172,0.9186298,2.4787881,-2.134523,-0.7778707,-0.057124287,-0.9057478
24799.48,0.9184754,2.481781,-2.1371665,-0.77896535,-0.057124645,-0.90626353
24879.654,0.91831964,2.4847512,-2.139792,-0.780052,-0.057124883,-0.906775
24959.783,0.91816294,2.4876988,-2.142399,-0.78112996,-0.057125375,-0.90728205
25039.879,0.91800547,2.4906242,-2.1449878,-0.7821996,-0.057125747,-0.9077849
25119.87,0.917848,2.4935272,-2.147558,-0.78326076,-0.057126313,-0.90828323
25199.76,0.9176909,2.4964085,-2.1501098,-0.7843141,-0.057126716,-0.90877694
25279.51,0.91753393,2.4992673,-2.1526437,-0.7853588,-0.057127297,-0.90926623
25359.12,0.9173776,2.5021048,-2.155159,-0.7863955,-0.057127863,-0.90975094
25438.549,0.9172228,2.5049248,-2.1576586,-0.78742176,-0.057126686,-0.91023636
25517.77,0.9170693,2.507724,-2.16014,-0.7884395,-0.05712509,-0.91071874
25596.92,0.9169172,2.5105023,-2.1626039,-0.7894494,-0.057123527,-0.9111965
25675.992,0.9167663,2.5132585,-2.165049,-0.790451,-0.05712208,-0.9116692
25754.79,0.9166169,2.5159934,-2.1674762,-0.79144484,-0.05712062,-0.9121373
25833.463,0.91646904,2.5187073,-2.169885,-0.7924307,-0.05711949,-0.91260093
25912.016,0.9163226,2.5214005,-2.1722753,-0.7934087,-0.057118222,-0.9130601
25990.404,0.91617733,2.524072,-2.174648,-0.7943789,-0.057116985,-0.9135147
26068.637,0.916034,2.526723,-2.177003,-0.7953415,-0.057115957,-0.91396445
26146.674,0.91589177,2.5293531,-2.17934,-0.79629636,-0.05711502,-0.9144099
26224.584,0.91574764,2.5319617,-2.1816573,-0.79723835,-0.05711308,-0.9148521
26302.295,0.91560364,2.53455,-2.1839583,-0.79817295,-0.05711122,-0.91529024
26380.006,0.91545975,2.5371177,-2.1862416,-0.7991,-0.05710931,-0.9157241
26457.479,0.91531706,2.539665,-2.1885085,-0.80001974,-0.057107776,-0.916154
26534.889,0.9151751,2.5421915,-2.1907582,-0.8009318,-0.05710627,-0.9165795
26612.023,0.9150336,2.5446982,-2.1929903,-0.80183655,-0.05710475,-0.917001
26689.055,0.91489387,2.5471847,-2.1952055,-0.80273384,-0.057103336,-0.91741806
26765.97,0.9147551,2.5496511,-2.197404,-0.8036238,-0.057101935,-0.917831
26842.746,0.91461736,2.5520976,-2.1995854,-0.80450666,-0.057101056,-0.9182397
26919.377,0.91448104,2.5545244,-2.2017503,-0.8053825,-0.0570997,-0.91864455
26995.842,0.9143467,2.5569303,-2.2038977,-0.80625063,-0.05709833,-0.9190453
27072.193,0.9142148,2.55931,-2.2060275,-0.80711275,-0.057095274,-0.9194449
27148.4,0.91408205,2.5616708,-2.2081416,-0.80796766,-0.05709213,-0.91984105
27224.541,0.9139484,2.5639896,-2.2102256,-0.8088159,-0.057100892,-0.9202279
27300.8,0.9138118,2.5662782,-2.2122867,-0.80965704,-0.057114884,-0.92060935
27376.854,0.9136777,2.5685375,-2.214326,-0.8105004,-0.057115063,-0.92098165
27452.652,0.9135449,2.5707743,-2.2163475,-0.8113391,-0.057111606,-0.9213486
27528.375,0.91341335,2.572992,-2.218353,-0.8121704,-0.057108283,-0.92171156
27603.814,0.9132828,2.5751917,-2.2203429,-0.8129952,-0.057105005,-0.92207086
27679.184,0.9131533,2.5773726,-2.2223172,-0.81381303,-0.057101756,-0.9224266
27754.42,0.91302526,2.5795355,-2.2242758,-0.81462365,-0.057098404,-0.9227785
27829.555,0.9128982,2.5816798,-2.2262192,-0.815428,-0.057095334,-0.9231266
27904.307,0.9127727,2.5838063,-2.2281466,-0.8162255,-0.05709207,-0.9234711
27978.893,0.9126488,2.5859146,-2.2300591,-0.8170161,-0.05708906,-0.9238117
28053.312,0.91252625,2.5880048,-2.231956,-0.81780016,-0.057086036,-0.9241488
28127.54,0.912405,2.5900774,-2.2338376,-0.81857747,-0.057082966,-0.9244822
28201.559,0.9122852,2.5921319,-2.235704,-0.81934845,-0.05708009,-0.9248121
28275.57,0.91217315,2.5941646,-2.2375414,-0.8201033,-0.057088315,-0.9251511
28349.303,0.9120639,2.59618,-2.2393637,-0.8208519,-0.0570966,-0.9254867
28423.053,0.91196704,2.5981312,-2.2411304,-0.8215646,-0.057089657,-0.92579067
28496.873,0.91187036,2.600042,-2.2428656,-0.822257,-0.05707577,-0.92608
28570.97,0.9117666,2.601935,-2.2445896,-0.82294285,-0.0570613,-0.9263681
28644.982,0.9116572,2.6038098,-2.2463012,-0.8236228,-0.05704625,-0.9266546
28719.137,0.9115436,2.6056676,-2.2480006,-0.8242965,-0.057031065,-0.92693925
28793.143,0.9114264,2.607508,-2.2496881,-0.8249641,-0.057015628,-0.92722154
28867.197,0.91130704,2.6093314,-2.2513618,-0.82562554,-0.0570001,-0.9275018
28940.988,0.91118604,2.6111386,-2.2530239,-0.82628113,-0.05698438,-0.92777944
29014.783,0.91106355,2.612929,-2.2546725,-0.8269309,-0.05696863,-0.92805475
29088.533,0.910941,2.614702,-2.2563074,-0.82757443,-0.056953087,-0.9283267
29161.951,0.9108227,2.6164377,-2.2579088,-0.82820594,-0.05694425,-0.92859095
29235.385,0.9107045,2.6181355,-2.2594795,-0.8288234,-0.0569406,-0.9288602
29308.764,0.9105843,2.6198173,-2.2610383,-0.8294356,-0.05693662,-0.92912745
29382.084,0.91046286,2.621483,-2.262584,-0.8300421,-0.056932822,-0.92939186
29455.287,0.91034067,2.623133,-2.2641175,-0.83064246,-0.05692871,-0.92965394
29528.36,0.91021794,2.6247673,-2.265638,-0.83123755,-0.056924522,-0.92991346
29601.27,0.9100952,2.6263862,-2.2671463,-0.83182687,-0.0569205,-0.93017006
29673.996,0.9099727,2.6279893,-2.2686424,-0.832411,-0.05691625,-0.93042415
29746.586,0.90985566,2.629555,-2.2701187,-0.8329904,-0.05691248,-0.93067753
29819.049,0.90973914,2.6310961,-2.2715786,-0.83356273,-0.056909233,-0.9309299
29891.652,0.9096209,2.6326225,-2.273027,-0.8341299,-0.056905895,-0.93118036
29964.088,0.9095018,2.6341329,-2.2744637,-0.83469146,-0.056902364,-0.93142843
30036.258,0.90938205,2.6356292,-2.2758884,-0.83524776,-0.056898892,-0.93167394
30108.523,0.90926385,2.6371071,-2.2773004,-0.83579373,-0.056893468,-0.93191564
30180.643,0.90915376,2.638546,-2.2786925,-0.83632237,-0.056878477,-0.93215126
30252.576,0.9090427,2.6399646,-2.280071,-0.8368454,-0.056861565,-0.93238485
30324.652,0.908929,2.641368,-2.2814384,-0.8373631,-0.056844205,-0.93261683
30396.475,0.90881324,2.6427567,-2.282795,-0.8378757,-0.05682689,-0.9328467
30468.346,0.90869886,2.6441264,-2.2841384,-0.8383826,-0.056811035,-0.9330755
30540.236,0.908585,2.6454802,-2.2854698,-0.83888465,-0.056795478,-0.93330204
30611.742,0.908471,2.6468213,-2.28679,-0.8393815,-0.05678025,-0.93352616
30683.21,0.90835816,2.6481469,-2.2880988,-0.8398727,-0.056763843,-0.9337461
30754.19,0.9082496,2.6494396,-2.2893958,-0.84034944,-0.056734487,-0.9339384
30825.025,0.9081435,2.6507194,-2.2906811,-0.84082127,-0.05670528,-0.93412817
30895.676,0.90804255,2.6519735,-2.2919512,-0.84128755,-0.05666998,-0.9343107
30966.066,0.9079476,2.6532042,-2.2932067,-0.8417488,-0.056630194,-0.934487
31036.246,0.9078568,2.654423,-2.2944503,-0.8422057,-0.05659111,-0.93466
31105.785,0.9077695,2.6556299,-2.2956817,-0.84265804,-0.056552365,-0.9348301
