kplusy,lambd_haty,muy,nuAT_haty,nuUO_haty,nuLO_haty,etaAT_haty,etaOC_haty
228.23817,0.9808475,0.19539097,1.9619924,-1.4892443,-0.23037326,-0.061352283,-0.33632153
233.81294,0.98883355,0.20101444,1.9596007,-1.4831725,-0.22880866,-0.06363741,-0.33669332
239.81421,0.9957002,0.20635532,1.9572762,-1.4775169,-0.22740588,-0.0656417,-0.33708724
246.18456,1.0014708,0.21130213,1.9548712,-1.4725024,-0.22622761,-0.06761918,-0.33750698
252.9045,1.0063322,0.21633849,1.9524667,-1.46793,-0.22498834,-0.06943504,-0.33801565
259.98837,1.0101693,0.22189842,1.949733,-1.4634653,-0.22395405,-0.070897214,-0.33852944
267.3665,1.013454,0.22727261,1.9478699,-1.4598743,-0.22302234,-0.07211709,-0.33912352
275.0338,1.0162754,0.23270369,1.9462684,-1.4568547,-0.22206537,-0.073254295,-0.3396856
283.02313,1.0186522,0.23808436,1.9450566,-1.4543763,-0.22122619,-0.07424206,-0.34042826
291.30084,1.0205595,0.24353868,1.9440354,-1.4521536,-0.22041598,-0.0752706,-0.3411382
299.8553,1.0223856,0.24906577,1.9436623,-1.4503196,-0.21978441,-0.07612868,-0.34187934
308.6821,1.0235652,0.25469044,1.9435902,-1.4486562,-0.21910776,-0.07708566,-0.34277847
317.7713,1.02437,0.26032165,1.9438018,-1.4472002,-0.21846321,-0.07801808,-0.34362337
327.10648,1.0250261,0.26587635,1.9444373,-1.4461042,-0.2179831,-0.07879466,-0.34443682
336.6822,1.0255208,0.27151272,1.9456218,-1.4453982,-0.2176023,-0.07961232,-0.34535164
346.49893,1.0257536,0.27734038,1.9471796,-1.4448276,-0.21723145,-0.08050281,-0.34642547
356.55368,1.0259279,0.28323057,1.9489151,-1.4446305,-0.21690767,-0.081441246,-0.347662
366.84204,1.0260144,0.2891174,1.9508727,-1.4446406,-0.21661875,-0.08239185,-0.34889886
377.35648,1.026032,0.29501158,1.953024,-1.4448339,-0.21636727,-0.08332557,-0.3501093
388.08395,1.0257913,0.30104628,1.9554546,-1.445174,-0.2161997,-0.08435251,-0.35123932
399.03094,1.0255351,0.30727223,1.957936,-1.4456271,-0.21613562,-0.08534714,-0.3522256
410.18082,1.0253495,0.31359345,1.9606198,-1.4462525,-0.21602997,-0.08635026,-0.35324845
421.53653,1.0251532,0.3200302,1.9635001,-1.447182,-0.21603404,-0.08737218,-0.35437027
433.11615,1.0249355,0.3265653,1.9665483,-1.4483742,-0.21606964,-0.08838782,-0.3556089
444.91827,1.0247,0.33316362,1.9696398,-1.4496707,-0.21610914,-0.08937823,-0.3568407
456.93924,1.0245181,0.33992827,1.9728651,-1.4510787,-0.21619779,-0.090280555,-0.3580434
469.17032,1.024343,0.34686047,1.9762394,-1.4526374,-0.21634921,-0.09114949,-0.35926214
481.6284,1.0241935,0.35391042,1.9797564,-1.4543244,-0.2165437,-0.09208606,-0.36050364
494.31528,1.0240135,0.3610467,1.9833634,-1.4561043,-0.2167575,-0.093071796,-0.36175606
507.2294,1.0238091,0.3682641,1.987014,-1.4579352,-0.21697657,-0.09404927,-0.36300153
520.3609,1.0235853,0.37558624,1.9907634,-1.4598783,-0.21717697,-0.09493216,-0.36420062
533.70355,1.0233836,0.38302657,1.9945428,-1.4618709,-0.21736257,-0.09589079,-0.36541492
547.2543,1.0231824,0.39059135,1.9984033,-1.4639269,-0.2174888,-0.09685714,-0.3665593
561.01855,1.0229828,0.39828348,2.002466,-1.4662044,-0.21757168,-0.09767651,-0.3676489
575.0016,1.0228205,0.4060392,2.0066283,-1.4686314,-0.2176672,-0.09852581,-0.36879134
589.2043,1.0226582,0.41388184,2.0108073,-1.4710909,-0.21777058,-0.09938481,-0.369932
603.636,1.0225734,0.4218915,2.015164,-1.4736997,-0.21796063,-0.10028183,-0.37113485
618.2985,1.0223842,0.43008927,2.0197055,-1.4764527,-0.21821618,-0.10118978,-0.37236193
633.17285,1.0222324,0.43843448,2.0243149,-1.479186,-0.21854824,-0.10208187,-0.37354174
648.24615,1.0220869,0.44687027,2.0288937,-1.4819137,-0.21890283,-0.102947384,-0.374715
663.51886,1.0219042,0.4553581,2.0335205,-1.4846035,-0.21933004,-0.10377246,-0.37595722
679.00433,1.0217248,0.46398252,2.0381293,-1.4873416,-0.21977869,-0.104643546,-0.37722906
694.70013,1.0216584,0.47280723,2.0429049,-1.4902456,-0.22026181,-0.10541251,-0.37847656
710.617,1.0217028,0.48180687,2.047796,-1.4932834,-0.22073549,-0.10625315,-0.3795688
726.75793,1.0217991,0.49076134,2.0527415,-1.4963887,-0.22119327,-0.1070876,-0.38065228
743.13696,1.0219103,0.4997022,2.0577383,-1.4995347,-0.22164133,-0.107867,-0.38179904
759.7591,1.0220104,0.50872946,2.0627327,-1.5027138,-0.2221064,-0.10863125,-0.3829479
776.62476,1.0220875,0.5178239,2.0677187,-1.5058998,-0.22256906,-0.10938835,-0.38408357
793.7341,1.0221511,0.5269893,2.0726945,-1.5090934,-0.22303113,-0.110130265,-0.3852043
811.09216,1.022239,0.5362421,2.077663,-1.5122976,-0.223502,-0.110817686,-0.38629925
828.6946,1.0223929,0.54564524,2.0827959,-1.5156064,-0.2240594,-0.111534074,-0.3873799
846.5263,1.0225847,0.5552478,2.0881324,-1.5190545,-0.22462517,-0.11227409,-0.3884333
864.59766,1.0227168,0.5648522,2.0935798,-1.5226213,-0.22516508,-0.11304571,-0.38944617
882.8956,1.0228175,0.57453173,2.0989575,-1.5261737,-0.22572038,-0.113837756,-0.3904648
901.4287,1.0229231,0.58429205,2.1043415,-1.5297307,-0.22627133,-0.11463101,-0.39147368
920.2076,1.0229938,0.5943039,2.1098142,-1.5334457,-0.22671732,-0.11529301,-0.392399
939.2161,1.0231053,0.6046092,2.1151779,-1.5370559,-0.22725205,-0.1160006,-0.39332315
958.4502,1.0232512,0.615059,2.1204596,-1.5406343,-0.22778764,-0.11664704,-0.39411777
977.92114,1.0234361,0.6256038,2.1256878,-1.5442148,-0.22831781,-0.117302075,-0.3948938
997.6138,1.0236049,0.6362063,2.1309016,-1.5478259,-0.22884765,-0.117948174,-0.3956063
1017.56976,1.0237997,0.64691186,2.1362088,-1.5513953,-0.22940472,-0.11854442,-0.39625064
1037.7845,1.0239626,0.6577758,2.1416194,-1.5550014,-0.23000324,-0.11914096,-0.39690465
1058.226,1.0240605,0.6687727,2.147045,-1.558631,-0.2306927,-0.119796194,-0.3976331
1078.8846,1.0241953,0.67972577,2.1525228,-1.5622692,-0.23138435,-0.12043723,-0.39838317
1099.8147,1.0244713,0.6909194,2.1580658,-1.566018,-0.23207855,-0.12097662,-0.39910832
1121.0135,1.0247737,0.70231444,2.1636322,-1.5698301,-0.23272908,-0.12146994,-0.39980018
1142.4807,1.02504,0.71374375,2.1691482,-1.5736258,-0.23336822,-0.121951364,-0.40046194
1164.2219,1.0253162,0.7252365,2.1747034,-1.5774142,-0.23400933,-0.122457415,-0.40108982
1186.2155,1.0255872,0.73681647,2.1803055,-1.5812708,-0.23466203,-0.12297541,-0.40173236
1208.4753,1.0258689,0.7484,2.1858563,-1.5851618,-0.23532918,-0.12345539,-0.402373
1231.0228,1.0261426,0.7599523,2.191394,-1.5890983,-0.23606277,-0.12393764,-0.40293914
1253.8275,1.0263493,0.7717166,2.1969266,-1.5929923,-0.23666638,-0.124397285,-0.40341488
1276.8888,1.026556,0.7835353,2.2024198,-1.5968876,-0.23722929,-0.12483997,-0.40391716
1300.2109,1.0267279,0.7954981,2.207924,-1.6008381,-0.23786393,-0.12527034,-0.404425
1323.7863,1.026869,0.807756,2.2134058,-1.6048261,-0.2385458,-0.12573418,-0.40489572
1347.583,1.0270414,0.82003856,2.2188754,-1.6088187,-0.23922785,-0.12618345,-0.40530977
1371.6194,1.02717,0.8326651,2.2242837,-1.6127844,-0.23993933,-0.12661698,-0.4057346
1395.8914,1.0272275,0.8456016,2.2295625,-1.6167971,-0.24064808,-0.12701264,-0.406204
1420.4366,1.0273,0.8585216,2.2348201,-1.6207933,-0.2413776,-0.12732266,-0.4066745
1445.2214,1.0273839,0.8712424,2.2400317,-1.6247996,-0.24211995,-0.12759967,-0.40710568
1470.2374,1.0274982,0.88391197,2.245174,-1.6287969,-0.24288088,-0.12783791,-0.4075047
1495.4937,1.0276477,0.8965583,2.2502644,-1.632779,-0.24366385,-0.1280631,-0.4079056
1520.9972,1.0278296,0.909191,2.2554002,-1.6368335,-0.2444644,-0.12825887,-0.40834442
1546.7927,1.0279784,0.92170864,2.2605057,-1.6409043,-0.24522786,-0.12847754,-0.4088432
1572.8818,1.0280813,0.9341313,2.265541,-1.6449429,-0.24598551,-0.12868361,-0.40933332
1599.2568,1.0281373,0.94644535,2.270499,-1.648943,-0.24673665,-0.1288599,-0.4097922
1625.8885,1.0281438,0.95857954,2.2754014,-1.6529976,-0.2474705,-0.12894928,-0.41021383
1652.7622,1.028089,0.9702634,2.2801836,-1.6570443,-0.24820377,-0.12896779,-0.41062838
1679.8429,1.027901,0.9808939,2.2850468,-1.6611863,-0.24900469,-0.12882936,-0.41096336
1707.1599,1.0275598,0.99039364,2.2901645,-1.6654772,-0.24978714,-0.12843558,-0.411423
1734.7289,1.0270423,0.9969956,2.2956681,-1.6699648,-0.25051257,-0.12797976,-0.41191745
1762.6968,1.0265985,0.9992906,2.3016727,-1.6747563,-0.2511901,-0.12771606,-0.4124768
1791.0801,1.0261059,1.0,2.3078861,-1.6795118,-0.2519536,-0.12769207,-0.41306722
1819.9108,1.0255592,1.0,2.3142092,-1.6842287,-0.25273874,-0.12771566,-0.41371694
1849.1627,1.0249635,1.0,2.3205266,-1.688926,-0.253513,-0.12774025,-0.41436735
1878.7941,1.0243049,1.0,2.3268492,-1.6935889,-0.25430363,-0.12781051,-0.41499886
1908.7864,1.0236155,1.0,2.3331401,-1.6982342,-0.25509506,-0.1279018,-0.41562685
1939.1333,1.0229017,1.0,2.3393917,-1.7028589,-0.25587967,-0.12798454,-0.41624257
1969.8685,1.0221632,1.0,2.3456585,-1.7075024,-0.25665882,-0.12804882,-0.41688618
2000.9949,1.0214046,1.0,2.3519318,-1.712172,-0.25743598,-0.12811184,-0.41754374
2032.4856,1.0206399,1.0,2.3582273,-1.7168996,-0.25821927,-0.12820385,-0.41821685
2064.3123,1.01985,1.0,2.3645506,-1.7216579,-0.25898746,-0.12827872,-0.4188772
2096.4648,1.0190587,1.0,2.3708541,-1.7264054,-0.25975072,-0.12836464,-0.41954646
2128.974,1.0183235,1.0,2.3771374,-1.7312118,-0.26052737,-0.12856126,-0.42028427
2161.8345,1.0175738,1.0,2.383373,-1.7360057,-0.26131934,-0.12874407,-0.42100736
2195.0347,1.0168049,1.0,2.3895707,-1.740775,-0.2621176,-0.12890528,-0.4217161
2228.5789,1.0160325,1.0,2.3957198,-1.7454814,-0.26291224,-0.12906124,-0.42242455
2262.4685,1.0152566,1.0,2.401826,-1.7501366,-0.26370266,-0.12921265,-0.4231311
2296.7002,1.0144798,1.0,2.4079025,-1.7547711,-0.26448727,-0.12936193,-0.42383084
2331.2615,1.0136992,1.0,2.4140127,-1.7594143,-0.26525915,-0.12948984,-0.42453608
2366.15,1.0129199,1.0,2.4201083,-1.764042,-0.26602373,-0.12961103,-0.42523846
2401.3662,1.0121435,1.0,2.426172,-1.7686454,-0.26678294,-0.12973149,-0.4259348
2436.9077,1.0113702,1.0,2.4322028,-1.773224,-0.26753676,-0.12985079,-0.4266254
2472.77,1.0106192,1.0,2.43822,-1.7777922,-0.26830056,-0.12996535,-0.4273012
2508.926,1.0099258,1.0,2.4443138,-1.7824057,-0.26910344,-0.1301021,-0.42797157
2545.3777,1.009236,1.0,2.4503732,-1.7869804,-0.26988825,-0.13023691,-0.42864487
2582.1262,1.0085456,1.0,2.4564078,-1.7915424,-0.27066544,-0.13036357,-0.42932507
2619.1736,1.0078608,1.0,2.4624095,-1.7960793,-0.27143693,-0.13048844,-0.43000337
2656.53,1.007175,1.0,2.4683952,-1.8005878,-0.27221513,-0.13061224,-0.43068013
2694.1897,1.0064826,1.0,2.4743762,-1.8050796,-0.27301067,-0.13074549,-0.4313682
2732.1582,1.0057933,1.0,2.4803433,-1.809558,-0.27381188,-0.13088883,-0.43206686
2770.473,1.005124,1.0,2.4863026,-1.8140337,-0.2745975,-0.13103957,-0.43277746
2809.1042,1.0044488,1.0,2.4922247,-1.8185382,-0.27538815,-0.1311868,-0.43345734
2848.0403,1.0037751,1.0,2.4981105,-1.8230354,-0.27617794,-0.13133243,-0.43412253
2887.279,1.0031086,1.0,2.5039756,-1.8275117,-0.27695575,-0.13147224,-0.43478414
2926.8237,1.0024757,1.0,2.5098653,-1.8319975,-0.27771917,-0.13159941,-0.43545786
2966.7026,1.0019234,1.0,2.5158093,-1.8365247,-0.2785051,-0.13171588,-0.43616977
3006.9136,1.0013721,1.0,2.5217206,-1.841028,-0.27928612,-0.1318314,-0.4368756
3047.454,1.0008216,1.0,2.527599,-1.845507,-0.28006217,-0.1319461,-0.43757594
3088.322,1.000273,1.0,2.533445,-1.8499618,-0.2808339,-0.13206019,-0.4382706
3129.5178,0.9997219,1.0,2.5392575,-1.8543878,-0.28160238,-0.13217054,-0.43895862
3171.0613,0.99915004,1.0,2.5450392,-1.8587755,-0.28238782,-0.13226457,-0.43961832
3212.9458,0.9985725,1.0,2.550782,-1.8631516,-0.2831786,-0.1323517,-0.44025314
3255.1697,0.9979955,1.0,2.556493,-1.8675051,-0.28396457,-0.13243802,-0.44088235
3297.717,0.99742365,1.0,2.5622017,-1.8718528,-0.28476414,-0.13253821,-0.44150558
3340.5876,0.996864,1.0,2.5679283,-1.8762056,-0.28559387,-0.13266186,-0.44212893
3383.7397,0.9963255,1.0,2.5736182,-1.8805884,-0.2863765,-0.13277669,-0.4427493
3427.2114,0.9958051,1.0,2.5792964,-1.8849655,-0.28716686,-0.13287617,-0.44334581
3471.0027,0.99526995,1.0,2.5849748,-1.8893267,-0.28796566,-0.1330025,-0.4439476
3515.1157,0.9947369,1.0,2.5906203,-1.8936629,-0.28875965,-0.13312815,-0.44454482
3559.5317,0.9942158,1.0,2.5962517,-1.8979752,-0.2895426,-0.13326214,-0.44514555
3604.2385,0.9937078,1.0,2.6018682,-1.9022633,-0.2903142,-0.13340475,-0.4457501
3649.2385,0.9931623,1.0,2.6074736,-1.9065422,-0.2910653,-0.13350762,-0.44635394
3694.5554,0.99263763,1.0,2.6130772,-1.9107985,-0.2918217,-0.13361467,-0.44697687
3740.19,0.99212146,1.0,2.6186528,-1.9150318,-0.29257607,-0.13372292,-0.44759756
3786.079,0.99162436,1.0,2.6242344,-1.919243,-0.29333076,-0.13381165,-0.44821993
3832.2249,0.9911462,1.0,2.62983,-1.9234623,-0.2941011,-0.13389789,-0.4488695
3878.7114,0.99069107,1.0,2.635429,-1.9277103,-0.29486665,-0.13398722,-0.44951913
3925.5576,0.9902463,1.0,2.6409984,-1.9319459,-0.29562166,-0.13407405,-0.4501571
3972.7566,0.9898032,1.0,2.6465385,-1.9361601,-0.29637352,-0.13415943,-0.45079002
4020.2983,0.98935914,1.0,2.6520483,-1.940353,-0.29712123,-0.13424413,-0.45141748
4068.1387,0.9889113,1.0,2.6575909,-1.9445581,-0.29789045,-0.13432603,-0.45205042
4116.268,0.9884678,1.0,2.6631224,-1.9487544,-0.29866508,-0.13440727,-0.45268425
4164.698,0.9880266,1.0,2.668626,-1.9529271,-0.29943514,-0.1344939,-0.4533193
4213.43,0.9875827,1.0,2.6741068,-1.957122,-0.30019808,-0.13459483,-0.45396876
4262.4565,0.9871414,1.0,2.6795564,-1.9612938,-0.30095646,-0.13469493,-0.45461378
4311.7764,0.98670316,1.0,2.6849732,-1.9654408,-0.30171007,-0.134795,-0.45525435
4361.3936,0.98626775,1.0,2.6903586,-1.9695624,-0.30245933,-0.13489453,-0.45589074
4411.303,0.9858393,1.0,2.6957235,-1.9736627,-0.30320635,-0.1350027,-0.45651925
4461.511,0.98541737,1.0,2.7010708,-1.9777423,-0.3039513,-0.13511966,-0.4571405
4512.0103,0.9849969,1.0,2.7063913,-1.9817961,-0.3046914,-0.13523148,-0.45775536
4562.798,0.98457885,1.0,2.7116826,-1.985825,-0.30542687,-0.13534138,-0.45836574
4613.8745,0.9841635,0.9999813,2.7169425,-1.9898294,-0.30615798,-0.13545103,-0.45897174
4665.238,0.98375094,0.9999577,2.7221723,-1.9938097,-0.30688447,-0.13556013,-0.45957357
4716.885,0.98334426,0.99993736,2.7273748,-1.9977638,-0.30759963,-0.13566236,-0.46017268
4768.8096,0.9829433,0.9999203,2.7325485,-2.0016916,-0.30830452,-0.13575882,-0.46076903
4821.0063,0.98254573,0.9999037,2.737694,-2.0055952,-0.3090038,-0.13585426,-0.46136114
4873.475,0.98215216,0.9998879,2.7428112,-2.0094748,-0.30969715,-0.13594903,-0.46194848
4926.2095,0.98176885,0.9998924,2.7478971,-2.0133424,-0.31040585,-0.13604711,-0.4625128
4979.203,0.9813968,0.9999204,2.75295,-2.0171995,-0.311132,-0.13614874,-0.4630516
5032.4634,0.9810282,0.9999491,2.7579734,-2.0210316,-0.31185377,-0.13625039,-0.46358714
5085.9893,0.98064643,0.99999213,2.7629707,-2.02484,-0.31257632,-0.13635053,-0.46411753
5139.78,0.9802729,1.0,2.7679477,-2.0286193,-0.31331363,-0.13645342,-0.4646463
5193.8325,0.97990286,1.0,2.7728956,-2.0323746,-0.3140468,-0.13655607,-0.46517155
5248.1436,0.9795398,1.0,2.7778175,-2.0361173,-0.31477273,-0.13666798,-0.4657072
5302.7437,0.9791813,1.0,2.7827156,-2.0398576,-0.3154919,-0.13678256,-0.4662579
5357.6597,0.97882104,1.0,2.7875862,-2.0435793,-0.3162077,-0.13689077,-0.46680334
5412.88,0.97846055,1.0,2.792429,-2.047281,-0.3169196,-0.1369979,-0.46734437
5468.4175,0.9781101,1.0,2.797239,-2.0509882,-0.31762734,-0.13709615,-0.4678495
5524.28,0.9777738,1.0,2.8020122,-2.0547044,-0.31834114,-0.13718456,-0.4683071
5580.396,0.97745025,1.0,2.8067546,-2.05841,-0.31907827,-0.13727175,-0.46873865
5636.7695,0.97716314,1.0,2.8114893,-2.0620935,-0.31981957,-0.13733727,-0.4692003
5693.3994,0.97684705,1.0,2.8162103,-2.065764,-0.32055807,-0.13739888,-0.46966317
5750.2764,0.9765121,1.0,2.8209164,-2.0694244,-0.32129702,-0.13745748,-0.47012773
5807.3936,0.97618306,1.0,2.825611,-2.0730784,-0.32204685,-0.13751745,-0.47060186
5864.7573,0.97585744,1.0,2.8302803,-2.0767117,-0.32279232,-0.13757823,-0.47107515
5922.369,0.97553444,1.0,2.8349226,-2.0803223,-0.3235336,-0.13763879,-0.47154522
5980.2266,0.9752141,1.0,2.8395371,-2.0839102,-0.32427016,-0.13769951,-0.47201246
6038.326,0.9748963,1.0,2.8441248,-2.0874767,-0.32500258,-0.13776003,-0.4724768
6096.674,0.9745805,1.0,2.848686,-2.0910208,-0.32573065,-0.13782069,-0.472938
6155.268,0.97426724,1.0,2.8532202,-2.0945437,-0.32645434,-0.13788112,-0.47339633
6214.1025,0.973956,1.0,2.8577278,-2.098045,-0.3271738,-0.1379414,-0.47385156
6273.182,0.9736471,1.0,2.8622093,-2.101525,-0.32788894,-0.13800175,-0.47430402
6332.492,0.97334135,1.0,2.866678,-2.104992,-0.3285996,-0.13805997,-0.47475353
6392.0103,0.9730431,1.0,2.8711443,-2.1084473,-0.3293046,-0.13811685,-0.4751967
6451.7505,0.97274804,1.0,2.875584,-2.1118805,-0.3300056,-0.13817422,-0.47563753
6511.6997,0.972456,1.0,2.8799973,-2.1152916,-0.33070225,-0.13823166,-0.47607592
6571.871,0.9721636,1.0,2.8843904,-2.118683,-0.33139655,-0.1382854,-0.47651163
6632.239,0.97186536,1.0,2.8887825,-2.1220696,-0.3320959,-0.13833238,-0.47695416
6692.7925,0.97156477,1.0,2.8931608,-2.1254497,-0.33279574,-0.13837548,-0.47740263
6753.5425,0.9712678,1.0,2.8975124,-2.1288073,-0.33349153,-0.1384192,-0.47784907
6814.531,0.97099173,1.0,2.9018126,-2.1321404,-0.33417878,-0.13848014,-0.4782922
6875.817,0.97074115,1.0,2.9060514,-2.1354494,-0.334856,-0.1385646,-0.47873035
6937.389,0.9704888,1.0,2.9102664,-2.1387424,-0.3355291,-0.13864784,-0.4791645
6999.266,0.9702544,1.0,2.9144607,-2.14202,-0.3361973,-0.138713,-0.47959504
7061.43,0.9700196,1.0,2.9186316,-2.1452816,-0.33686167,-0.13877538,-0.48002142
7123.872,0.9697833,1.0,2.9227793,-2.1485267,-0.3375221,-0.1388364,-0.48044422
7186.587,0.9695463,1.0,2.926904,-2.151755,-0.3381786,-0.13889627,-0.48086312
7249.5605,0.969309,1.0,2.9310052,-2.154966,-0.3388313,-0.13895498,-0.4812786
7312.7925,0.9690714,1.0,2.9350827,-2.15816,-0.33948004,-0.13901275,-0.48169065
7376.268,0.96883404,1.0,2.939137,-2.1613357,-0.34012505,-0.1390699,-0.4820994
7439.997,0.96859753,1.0,2.9431832,-2.1645095,-0.34076086,-0.1391329,-0.482504
7503.9688,0.968361,1.0,2.9472067,-2.167667,-0.34139255,-0.13919541,-0.4829054
7568.179,0.968128,0.9999595,2.9512093,-2.17081,-0.3420236,-0.13925634,-0.48330665
7632.625,0.9678974,0.99990964,2.955191,-2.1739373,-0.34265214,-0.13931593,-0.48370665
7697.294,0.96763176,0.9998863,2.9591386,-2.177047,-0.34326586,-0.13935861,-0.4840848
7762.1777,0.96736586,0.99987614,2.9630585,-2.1801493,-0.34387353,-0.13938688,-0.48445407
7827.2363,0.96710825,0.9999032,2.9669533,-2.1832294,-0.34447786,-0.13941605,-0.48479187
7892.4644,0.9668555,0.9999442,2.9708242,-2.1862888,-0.34507892,-0.13944635,-0.4851192
7957.8584,0.9666054,0.9999867,2.974672,-2.1893284,-0.3456762,-0.13947679,-0.48544496
8023.4224,0.9663579,1.0,2.9784968,-2.1923485,-0.34627017,-0.13950753,-0.48576882
8089.1646,0.96611273,1.0,2.9822989,-2.1953497,-0.34686047,-0.13953833,-0.48609093
8155.0894,0.9658822,1.0,2.9860885,-2.1983454,-0.347457,-0.13958201,-0.48641026
8221.199,0.9656627,1.0,2.9898639,-2.2013338,-0.34805766,-0.13963515,-0.4867267
8287.507,0.96544313,1.0,2.9936185,-2.2043023,-0.34865448,-0.13968772,-0.4870431
8354.065,0.96521986,1.0,2.9973564,-2.2072487,-0.34924763,-0.1397396,-0.48736304
8420.854,0.96499604,1.0,3.0010734,-2.2101796,-0.3498373,-0.13979031,-0.4876802
8487.87,0.96477205,1.0,3.0047698,-2.2130954,-0.35042334,-0.13984025,-0.48799437
8555.093,0.96454835,1.0,3.008445,-2.2159948,-0.35100612,-0.13988963,-0.48830608
8622.534,0.9643246,1.0,3.0120993,-2.2188785,-0.35158527,-0.13993818,-0.48861524
8690.169,0.96410155,1.0,3.015733,-2.2217464,-0.35216108,-0.1399861,-0.48892185
8758.003,0.9638791,1.0,3.0193455,-2.224598,-0.3527336,-0.14003368,-0.48922616
8826.033,0.9636755,1.0,3.0229535,-2.227471,-0.35330734,-0.14006463,-0.48952317
8894.254,0.9634769,1.0,3.0265439,-2.2303364,-0.35387906,-0.14009184,-0.48981658
8962.656,0.9632788,1.0,3.0301144,-2.2331855,-0.3544474,-0.14011857,-0.4901078
9031.254,0.9630811,1.0,3.0336664,-2.2360198,-0.35501257,-0.14014703,-0.49039832
9100.051,0.9628835,1.0,3.0372005,-2.2388418,-0.3555754,-0.14017765,-0.4906884
9169.043,0.96268594,1.0,3.0407145,-2.2416482,-0.35613492,-0.14020796,-0.4909762
9238.225,0.96248865,1.0,3.044209,-2.244439,-0.35669103,-0.1402378,-0.49126193
9307.595,0.9622917,1.0,3.0476832,-2.247214,-0.3572439,-0.14026727,-0.4915451
9377.129,0.96209544,1.0,3.0511374,-2.2499733,-0.35779345,-0.14029637,-0.49182633
9446.841,0.9618998,1.0,3.0545716,-2.2527163,-0.35833988,-0.14032541,-0.49210548
9516.712,0.96170497,1.0,3.0579865,-2.2554443,-0.3588831,-0.14035383,-0.49238265
9586.7295,0.96150076,1.0,3.0613859,-2.2581599,-0.35942587,-0.14039013,-0.49266243
9656.881,0.9612931,1.0,3.064768,-2.2608602,-0.3599665,-0.1404303,-0.49294284
9727.15,0.96108747,1.0,3.0681303,-2.2635443,-0.36050406,-0.14047043,-0.4932215
9797.551,0.9608835,1.0,3.0714724,-2.2662113,-0.36103845,-0.14051074,-0.4934989
9868.077,0.9606812,1.0,3.0747948,-2.2688622,-0.3615699,-0.14055085,-0.4937745
9938.741,0.9604806,1.0,3.0780978,-2.2714972,-0.36209783,-0.14059094,-0.49404863
10009.528,0.96028113,1.0,3.081382,-2.2741163,-0.36262292,-0.14063114,-0.49432108
10080.446,0.9600834,1.0,3.0846472,-2.2767193,-0.363145,-0.14067101,-0.49459177
10151.485,0.9598869,0.9999945,3.0878923,-2.2793062,-0.36366403,-0.14071064,-0.49486074
10222.656,0.95969504,0.99997735,3.0911202,-2.281878,-0.36418167,-0.14075059,-0.49512857
10293.978,0.9595108,0.99997294,3.094327,-2.2844396,-0.36470553,-0.14078136,-0.495393
10365.447,0.9593216,0.99998295,3.0975115,-2.286993,-0.3652301,-0.14079842,-0.4956512
10437.06,0.95913285,0.99999225,3.1006773,-2.289532,-0.36575148,-0.14081532,-0.49590737
10508.814,0.9589447,1.0,3.1038258,-2.2920568,-0.36626995,-0.14083195,-0.49616164
10580.71,0.9587572,1.0,3.1069558,-2.2945669,-0.36678526,-0.14084832,-0.49641398
10652.731,0.9585705,1.0,3.110068,-2.2970626,-0.36729777,-0.14086445,-0.49666464
10724.878,0.95838463,1.0,3.1131623,-2.299544,-0.36780718,-0.14088032,-0.49691364
10797.1455,0.9581994,1.0,3.1162386,-2.3020113,-0.3683136,-0.14089596,-0.4971607
10869.532,0.9580151,1.0,3.1192975,-2.304464,-0.36881706,-0.1409118,-0.4974062
10942.035,0.95783174,1.0,3.1223388,-2.3069026,-0.36931756,-0.1409273,-0.4976501
11014.667,0.95764923,1.0,3.125362,-2.3093271,-0.36981508,-0.1409424,-0.49789208
11087.392,0.9574678,1.0,3.1283681,-2.3117373,-0.37030986,-0.14095767,-0.4981327
11160.223,0.95728713,1.0,3.1313567,-2.3141336,-0.37080166,-0.14097282,-0.4983716
11233.164,0.9571077,1.0,3.1343281,-2.3165157,-0.37129042,-0.14098787,-0.49860898
11306.213,0.95692897,1.0,3.1372828,-2.3188841,-0.3717766,-0.14100263,-0.49884477
11379.353,0.9567514,1.0,3.1402204,-2.3212383,-0.3722597,-0.14101754,-0.4990791
11452.588,0.95657474,1.0,3.1431406,-2.3235788,-0.37274015,-0.14103213,-0.4993118
11525.922,0.95639896,1.0,3.1460438,-2.325906,-0.3732177,-0.1410468,-0.49954295
11599.3545,0.9562243,1.0,3.1489308,-2.3282192,-0.37369254,-0.14106113,-0.49977264
11672.875,0.9560504,1.0,3.151801,-2.330519,-0.37416446,-0.14107555,-0.50000095
11746.474,0.9558778,1.0,3.154654,-2.3328052,-0.3746337,-0.14108989,-0.50022763
11820.155,0.955706,1.0,3.1574912,-2.335078,-0.37510028,-0.14110401,-0.5004529
11893.929,0.95553505,1.0,3.1603124,-2.3373375,-0.375564,-0.14111812,-0.50067663
11967.774,0.95536506,1.0,3.1631167,-2.3395839,-0.37602505,-0.14113204,-0.500899
12041.701,0.9551962,1.0,3.165905,-2.3418171,-0.37648353,-0.14114614,-0.5011199
12115.708,0.9550282,1.0,3.1686769,-2.3440368,-0.37693933,-0.14116004,-0.50133944
12189.784,0.95487046,1.0,3.1714377,-2.3462493,-0.3773867,-0.1411754,-0.5015564
12263.908,0.9547144,1.0,3.1741822,-2.3484485,-0.377831,-0.14119083,-0.50177175
12338.111,0.9545595,1.0,3.1769109,-2.3506346,-0.37827295,-0.14120626,-0.5019857
12412.361,0.9544054,1.0,3.179624,-2.352808,-0.37871197,-0.14122164,-0.5021985
12486.677,0.9542527,1.0,3.1823213,-2.3549685,-0.3791486,-0.14123686,-0.5024102
12561.057,0.9541007,1.0,3.1850033,-2.357116,-0.3795827,-0.14125235,-0.5026204
12635.473,0.9539498,1.0,3.1876693,-2.3592508,-0.38001433,-0.14126758,-0.50282925
12709.956,0.9538009,1.0,3.1903193,-2.361373,-0.38044462,-0.14128481,-0.50303715
12784.53,0.9536549,1.0,3.1929524,-2.3634825,-0.3808751,-0.1413055,-0.5032438
12859.179,0.95350885,1.0,3.1955707,-2.365581,-0.38130298,-0.14132604,-0.50344944
12933.905,0.9533632,1.0,3.1981738,-2.367667,-0.38172847,-0.14134628,-0.5036533
13008.712,0.95321804,1.0,3.2007627,-2.369742,-0.38215122,-0.1413662,-0.50385565
13083.573,0.95307314,1.0,3.2033365,-2.3718052,-0.38257173,-0.14138567,-0.5040564
13158.495,0.95292896,1.0,3.2058954,-2.3738565,-0.38298962,-0.14140522,-0.50425607
13233.478,0.9527853,1.0,3.2084398,-2.3758965,-0.38340524,-0.14142437,-0.504454
13308.494,0.9526422,0.9999958,3.2109702,-2.3779242,-0.38381827,-0.14144333,-0.5046509
13383.558,0.95249975,0.99998546,3.2134857,-2.3799407,-0.3842291,-0.14146206,-0.5048463
13458.675,0.95235795,0.99997485,3.2159865,-2.3819454,-0.3846373,-0.14148065,-0.50504035
13533.8125,0.9522136,0.9999652,3.2184744,-2.3839386,-0.38504258,-0.14150167,-0.5052306
13608.979,0.9520694,0.9999566,3.2209475,-2.3859198,-0.38544592,-0.14152299,-0.50541925
13684.168,0.9519262,0.999948,3.2234068,-2.3878896,-0.3858466,-0.14154412,-0.50560653
13759.403,0.95178366,0.99994034,3.2258518,-2.3898475,-0.38624504,-0.14156516,-0.50579286
13834.657,0.9516423,0.9999329,3.228283,-2.391794,-0.38664111,-0.14158629,-0.50597805
13909.92,0.9515017,0.9999258,3.2306995,-2.393729,-0.38703516,-0.14160728,-0.50616217
13985.217,0.95136184,0.999919,3.233103,-2.3956528,-0.38742658,-0.14162798,-0.50634503
14060.538,0.951223,0.9999126,3.235492,-2.3975651,-0.3878159,-0.14164884,-0.5065266
14135.859,0.95108485,0.9999067,3.2378674,-2.3994663,-0.38820285,-0.1416695,-0.5067073
14211.201,0.9509467,0.9999028,3.2402277,-2.4013565,-0.38858685,-0.14168918,-0.5068858
14286.566,0.9508004,0.9999157,3.242555,-2.4032369,-0.38895857,-0.14170034,-0.5070575
14361.901,0.950652,0.99992883,3.2448673,-2.4051101,-0.3893189,-0.14170514,-0.50723076
14437.213,0.95050514,0.99994326,3.2471652,-2.4069712,-0.38967738,-0.14171036,-0.5074034
14512.508,0.9503596,0.99995863,3.24945,-2.4088213,-0.3900335,-0.14171547,-0.507575
14587.802,0.9502244,0.99997306,3.2517362,-2.4106681,-0.39039117,-0.14171903,-0.5077535
14663.106,0.9500997,0.99998575,3.2540257,-2.4125135,-0.3907502,-0.14172035,-0.50793934
14738.423,0.94997585,0.9999984,3.2563019,-2.414348,-0.3911074,-0.14172167,-0.5081242
14813.739,0.9498525,1.0,3.2585657,-2.4161718,-0.39146248,-0.14172314,-0.5083078
14889.04,0.9497299,1.0,3.2608156,-2.4179852,-0.3918154,-0.14172421,-0.50849015
14964.358,0.949608,1.0,3.2630527,-2.4197881,-0.39216623,-0.14172547,-0.50867146
15039.68,0.9494868,1.0,3.2652774,-2.4215806,-0.3925151,-0.14172684,-0.5088516
15114.972,0.94936603,1.0,3.2674894,-2.423362,-0.392862,-0.14172791,-0.5090307
15190.254,0.949246,1.0,3.2696886,-2.425134,-0.39320692,-0.14172909,-0.5092085
15265.551,0.94912666,1.0,3.271875,-2.426895,-0.3935496,-0.14173019,-0.5093853
15340.827,0.9490081,1.0,3.2740493,-2.428646,-0.39389035,-0.14173128,-0.5095611
15416.083,0.94889003,1.0,3.276211,-2.4303873,-0.39422908,-0.14173232,-0.5097357
15491.334,0.94877267,1.0,3.27836,-2.4321182,-0.39456603,-0.14173345,-0.5099092
15566.546,0.9486559,1.0,3.2804968,-2.4338386,-0.39490083,-0.14173442,-0.5100817
15641.757,0.94853973,1.0,3.282622,-2.4355493,-0.39523378,-0.14173566,-0.5102532
15716.946,0.948421,1.0,3.2847333,-2.437256,-0.3955663,-0.14173554,-0.5104191
15792.167,0.9482961,1.0,3.2868314,-2.4389646,-0.39590332,-0.14173737,-0.51057565
15867.451,0.9481735,1.0,3.2889216,-2.4406588,-0.39624533,-0.14175254,-0.5107362
15942.7705,0.9480498,1.0,3.2910008,-2.4423454,-0.39658523,-0.14176679,-0.51089513
16018.14,0.9479254,1.0,3.2930682,-2.4440238,-0.39692274,-0.14178017,-0.5110524
16093.518,0.94780064,1.0,3.2951243,-2.445694,-0.39725843,-0.14179297,-0.5112082
16168.927,0.94767547,1.0,3.2971692,-2.447356,-0.397592,-0.14180519,-0.51136214
16244.3545,0.94755036,1.0,3.2992027,-2.4490092,-0.39792377,-0.14181703,-0.5115151
16319.719,0.94742864,1.0,3.30122,-2.4506555,-0.39825025,-0.14182761,-0.51166654
16395.033,0.9473128,1.0,3.303218,-2.452296,-0.39857012,-0.14183718,-0.51181626
16470.26,0.94719815,1.0,3.3052042,-2.4539266,-0.3988886,-0.1418469,-0.5119653
16545.45,0.9470848,1.0,3.3071785,-2.4555466,-0.3992047,-0.14185677,-0.5121137
16620.574,0.9469725,1.0,3.309142,-2.4571574,-0.39951935,-0.14186676,-0.5122614
16695.639,0.94686127,1.0,3.3110938,-2.458758,-0.399832,-0.14187679,-0.51240826
16770.652,0.9467507,1.0,3.3130345,-2.4603493,-0.40014294,-0.14188693,-0.51255465
16845.602,0.94664115,1.0,3.3149636,-2.461931,-0.400452,-0.14189713,-0.51269984
16920.482,0.94653237,1.0,3.3168826,-2.4635034,-0.40075937,-0.1419072,-0.5128443
16995.328,0.9464245,1.0,3.31879,-2.4650662,-0.4010652,-0.14191765,-0.51298827
17070.102,0.9463173,1.0,3.3206868,-2.46662,-0.4013689,-0.14192775,-0.51313126
17144.805,0.94621074,1.0,3.3225725,-2.4681642,-0.40167096,-0.14193799,-0.5132735
17219.465,0.9461049,1.0,3.3244474,-2.4697,-0.40197122,-0.14194812,-0.51341486
17294.074,0.9459964,1.0,3.326298,-2.4712193,-0.40226182,-0.14195377,-0.51354957
17368.623,0.9458833,1.0,3.328117,-2.4727175,-0.40253794,-0.141952,-0.51367456
17443.145,0.94577056,1.0,3.3299255,-2.4742079,-0.4028122,-0.14195016,-0.51379883
17517.564,0.9456583,1.0,3.3317237,-2.4756894,-0.40308508,-0.14194849,-0.5139218
17591.98,0.9455465,1.0,3.333512,-2.4771626,-0.40335643,-0.14194657,-0.5140444
17666.299,0.9454354,1.0,3.3352895,-2.4786274,-0.40362602,-0.14194444,-0.51416606
17740.572,0.9453247,1.0,3.3370583,-2.480084,-0.40389428,-0.14194247,-0.51428694
17814.781,0.9452145,1.0,3.3388162,-2.4815323,-0.40416086,-0.1419405,-0.5144072
17888.904,0.9451048,1.0,3.3405647,-2.4829726,-0.4044259,-0.14193828,-0.5145264
17962.986,0.9449957,1.0,3.3423028,-2.4844043,-0.40468934,-0.14193623,-0.5146451
18037.006,0.94488716,1.0,3.344031,-2.485828,-0.40495142,-0.14193413,-0.51476276
18110.938,0.9447793,1.0,3.3457494,-2.4872434,-0.40521193,-0.14193186,-0.51488
18184.775,0.94467187,1.0,3.3474581,-2.4886506,-0.40547058,-0.14192964,-0.51499647
18258.555,0.9445652,1.0,3.3491576,-2.49005,-0.40572834,-0.14192748,-0.515112
18332.283,0.9444605,1.0,3.3508465,-2.4914443,-0.40598467,-0.1419244,-0.515227
18405.936,0.9443561,1.0,3.3525255,-2.492831,-0.40623954,-0.14192128,-0.5153411
18479.559,0.94426066,1.0,3.3541982,-2.4942129,-0.4064918,-0.14192289,-0.5154529
18553.06,0.9441692,1.0,3.3558621,-2.495588,-0.4067417,-0.14192617,-0.5155631
18626.482,0.94407797,1.0,3.3575175,-2.4969552,-0.40699056,-0.1419296,-0.5156728
18699.887,0.94398737,1.0,3.359163,-2.4983146,-0.40723774,-0.14193286,-0.51578176
18773.178,0.943897,1.0,3.3607988,-2.4996665,-0.4074835,-0.14193615,-0.5158898
18846.41,0.94380707,1.0,3.3624256,-2.5010104,-0.40772793,-0.14193921,-0.51599723
18919.572,0.9437177,1.0,3.3640437,-2.5023472,-0.40797094,-0.14194234,-0.5161041
18992.643,0.94362855,1.0,3.3656518,-2.5036757,-0.40821236,-0.14194535,-0.5162102
19065.592,0.94354,1.0,3.3672516,-2.504997,-0.4084525,-0.14194854,-0.5163157
19138.426,0.9434519,1.0,3.368842,-2.506311,-0.4086912,-0.14195123,-0.51642036
19211.174,0.94336414,1.0,3.3704233,-2.5076172,-0.4089286,-0.14195412,-0.5165246
19283.836,0.9432769,0.9999961,3.3719962,-2.5089157,-0.4091648,-0.14195691,-0.5166281
19356.396,0.94317853,0.9999863,3.373557,-2.5102036,-0.40939292,-0.14195904,-0.51672447
19428.898,0.9430804,0.99997663,3.3751087,-2.511484,-0.40961945,-0.14196105,-0.51681995
19501.266,0.9429827,0.9999672,3.3766515,-2.512757,-0.4098448,-0.14196289,-0.51691484
19573.545,0.94288576,0.99995786,3.378186,-2.514022,-0.41006884,-0.14196487,-0.5170094
19645.72,0.94278914,0.9999492,3.379712,-2.515281,-0.41029152,-0.14196666,-0.51710325
19717.791,0.9426932,0.99994063,3.381229,-2.516532,-0.4105131,-0.1419685,-0.5171963
19789.795,0.9425976,0.9999325,3.3827374,-2.517776,-0.41073337,-0.14197035,-0.51728916
19861.656,0.9425027,0.99992436,3.3842385,-2.5190127,-0.4109523,-0.14197218,-0.5173813
19933.436,0.9424082,0.9999167,3.3857293,-2.5202425,-0.41116992,-0.14197399,-0.51747286
20005.115,0.94231427,0.99990916,3.387213,-2.5214653,-0.41138637,-0.14197601,-0.51756376
20076.68,0.94222075,0.99990207,3.3886871,-2.5226812,-0.41160145,-0.14197741,-0.5176544
20148.121,0.94212765,0.99989486,3.390154,-2.5238898,-0.41181532,-0.14197907,-0.5177442
20219.498,0.9420351,0.99988806,3.3916125,-2.525092,-0.41202813,-0.14198084,-0.5178334
20290.701,0.9419433,0.9998815,3.3930626,-2.5262873,-0.41223955,-0.14198233,-0.5179223
20361.81,0.9418517,0.9998763,3.3945038,-2.5274742,-0.41245008,-0.14198287,-0.51801014
20432.775,0.9417603,0.9998755,3.3959346,-2.528651,-0.41265944,-0.14197952,-0.51809555
20503.598,0.94166994,0.9998756,3.3973567,-2.5298204,-0.41286787,-0.14197648,-0.5181808
20574.36,0.9415802,0.999876,3.3987706,-2.5309827,-0.4130753,-0.1419734,-0.5182654
20644.932,0.9414914,0.9998775,3.4001763,-2.5321386,-0.41328123,-0.14197055,-0.5183499
20715.42,0.94140327,0.9998792,3.4015749,-2.5332873,-0.4134862,-0.14196782,-0.5184339
20785.717,0.94131565,0.9998814,3.4029646,-2.534429,-0.41368982,-0.14196506,-0.5185174
20855.883,0.94122887,0.9998842,3.4043467,-2.5355644,-0.4138924,-0.14196247,-0.5186004
20925.908,0.9411409,0.9998832,3.4057198,-2.5366957,-0.41409254,-0.14195848,-0.51868427
20995.887,0.94105244,0.9998801,3.407085,-2.5378225,-0.41429105,-0.1419543,-0.5187684
21065.71,0.94096464,0.9998778,3.4084418,-2.5389426,-0.4144884,-0.14194976,-0.51885194
21135.441,0.9408778,0.99987525,3.409791,-2.5400555,-0.41468444,-0.14194568,-0.5189353
21204.969,0.94079566,0.99986947,3.41113,-2.5411584,-0.4148812,-0.14194414,-0.51902395
21274.35,0.94071424,0.9998646,3.4124608,-2.5422544,-0.41507712,-0.1419428,-0.5191121
21343.598,0.9406339,0.9998606,3.4137843,-2.543344,-0.41527182,-0.14194164,-0.5192
21412.693,0.9405543,0.99985695,3.4151003,-2.5444272,-0.4154652,-0.1419406,-0.5192874
21481.62,0.9404752,0.99985445,3.4164088,-2.5455034,-0.41565758,-0.1419398,-0.51937467
21550.377,0.9403967,0.9998523,3.4177096,-2.5465736,-0.41584894,-0.14193898,-0.5194614
21619.05,0.940319,0.9998505,3.4190035,-2.5476375,-0.41603905,-0.14193833,-0.5195476
21687.523,0.94024193,0.9998493,3.4202893,-2.5486953,-0.41622815,-0.14193769,-0.5196335
21755.883,0.9401651,0.9998487,3.4215686,-2.5497465,-0.41641632,-0.14193706,-0.5197188
21824.137,0.940089,0.99984795,3.4228404,-2.550792,-0.41660336,-0.14193636,-0.5198036
21892.248,0.9400134,0.9998479,3.4241047,-2.5518312,-0.4167892,-0.14193602,-0.5198881
21960.197,0.93993616,0.9998499,3.4253542,-2.5528557,-0.4169698,-0.14193995,-0.5199705
22027.955,0.9398597,0.9998528,3.4265957,-2.5538726,-0.41714892,-0.14194438,-0.52005225
22095.514,0.93978405,0.9998563,3.4278297,-2.5548835,-0.41732714,-0.14194904,-0.52013385
22163.0,0.9397092,0.9998605,3.4290566,-2.5558884,-0.41750434,-0.1419536,-0.52021503
22230.266,0.9396348,0.9998654,3.4302773,-2.5568871,-0.41768047,-0.14195849,-0.52029586
22297.504,0.93956196,0.999877,3.4314864,-2.5578825,-0.4178556,-0.14195964,-0.5203818
22364.71,0.9394885,0.99988747,3.4326892,-2.558874,-0.4180294,-0.14196031,-0.5204671
22431.814,0.9394125,0.99988914,3.43388,-2.5598636,-0.41819808,-0.14195584,-0.520549
22498.814,0.9393363,0.99988914,3.4350638,-2.5608485,-0.4183647,-0.1419503,-0.5206296
22565.672,0.9392603,0.999889,3.4362407,-2.5618281,-0.41853058,-0.14194466,-0.5207099
22632.379,0.93918455,0.99988884,3.4374113,-2.5628023,-0.41869536,-0.14193888,-0.5207894
22698.93,0.93910897,0.99988854,3.438575,-2.5637715,-0.41885936,-0.1419333,-0.52086854
22765.293,0.9390337,0.9998884,3.4397328,-2.5647352,-0.4190222,-0.1419274,-0.5209472
22831.592,0.9389586,0.9998882,3.440884,-2.5656936,-0.41918418,-0.1419215,-0.52102524
22897.809,0.938884,0.9998882,3.4420288,-2.5666466,-0.41934517,-0.14191553,-0.52110285
22963.807,0.9388096,0.99988806,3.4431672,-2.567594,-0.4195054,-0.14190957,-0.5211801
23029.684,0.9387357,0.9998879,3.4442997,-2.568537,-0.41966468,-0.14190371,-0.52125645
23095.488,0.9386678,0.99988544,3.4454207,-2.5694718,-0.41982475,-0.14189473,-0.5213283
23161.166,0.93859947,0.99988246,3.4465358,-2.570402,-0.41998383,-0.14188533,-0.52139944
23226.738,0.9385312,0.99987876,3.4476452,-2.5713274,-0.42014194,-0.141876,-0.52146995
23292.152,0.93846285,0.9998752,3.448748,-2.5722477,-0.42029923,-0.14186637,-0.5215402
23357.416,0.9383947,0.9998714,3.449845,-2.5731633,-0.42045555,-0.1418569,-0.5216097
23422.484,0.93832684,0.9998673,3.4509366,-2.5740745,-0.42061087,-0.14184736,-0.52167875
23487.527,0.9382591,0.99986327,3.4520218,-2.57498,-0.4207653,-0.1418376,-0.5217475
23552.348,0.93819135,0.99985945,3.4531007,-2.5758808,-0.42091903,-0.14182794,-0.5218156
23617.105,0.9381242,0.9998555,3.4541743,-2.5767765,-0.42107168,-0.14181833,-0.5218834
23681.607,0.93805707,0.99985164,3.455242,-2.577668,-0.4212235,-0.14180861,-0.52195066
23746.016,0.9379902,0.9998479,3.4563031,-2.578554,-0.4213746,-0.14179893,-0.5220177
23810.322,0.93792367,0.99984396,3.4573586,-2.5794353,-0.4215248,-0.14178921,-0.5220843
23874.502,0.9378575,0.9998419,3.458406,-2.5803087,-0.42167452,-0.14178127,-0.5221511
23938.568,0.93779147,0.99984455,3.4594378,-2.5811684,-0.42182508,-0.14177822,-0.52222013
24002.496,0.93772566,0.99984664,3.4604654,-2.5820239,-0.4219745,-0.1417749,-0.5222887
24066.256,0.9376612,0.9998524,3.4614863,-2.5828736,-0.4221247,-0.14177293,-0.5223575
24129.834,0.9375987,0.9998632,3.462501,-2.583718,-0.42227593,-0.14177293,-0.52242696
24193.213,0.93753654,0.999874,3.4635103,-2.584557,-0.4224265,-0.14177287,-0.52249634
24256.572,0.93747485,0.9998851,3.4645138,-2.5853915,-0.42257592,-0.14177276,-0.52256477
24319.691,0.9374136,0.99989605,3.4655118,-2.5862215,-0.4227247,-0.14177255,-0.52263325
24382.57,0.9373523,0.99990726,3.466504,-2.5870464,-0.4228727,-0.14177243,-0.52270114
24445.373,0.93729144,0.9999186,3.4674897,-2.5878675,-0.42301926,-0.14177036,-0.52276766
24507.895,0.9372311,0.99993026,3.4684691,-2.5886838,-0.423165,-0.14176847,-0.52283394
24570.35,0.93717104,0.9999419,3.4694445,-2.5894954,-0.42331025,-0.14176658,-0.52289975
24632.686,0.9371114,0.99995375,3.4704137,-2.5903025,-0.4234542,-0.14176463,-0.5229652
24694.912,0.937052,0.9999659,3.4713776,-2.5911047,-0.4235976,-0.14176264,-0.5230299
24756.807,0.936993,0.9999781,3.4723358,-2.591903,-0.4237401,-0.14176086,-0.52309483
24818.555,0.93693435,0.99999076,3.473289,-2.592696,-0.4238818,-0.14175895,-0.52315915
24880.154,0.9368763,1.0,3.4742372,-2.593485,-0.42402264,-0.141757,-0.5232234
24941.578,0.9368181,1.0,3.47518,-2.5942695,-0.42416298,-0.14175512,-0.5232867
25002.824,0.9367606,1.0,3.4761171,-2.5950496,-0.4243024,-0.1417532,-0.5233501
25064.11,0.93670344,1.0,3.4770498,-2.5958254,-0.42444095,-0.14175126,-0.5234128
25125.182,0.9366464,1.0,3.4779766,-2.5965965,-0.4245787,-0.14174926,-0.52347547
25186.049,0.9365897,1.0,3.478899,-2.5973642,-0.42471567,-0.14174728,-0.52353746
25246.676,0.93653345,1.0,3.479816,-2.5981266,-0.42485198,-0.14174554,-0.5235994
25307.3,0.93647724,1.0,3.4807281,-2.5988853,-0.42498752,-0.1417436,-0.52366084
25367.658,0.9364215,1.0,3.4816349,-2.5996397,-0.42512217,-0.14174168,-0.52372193
25427.977,0.93636596,1.0,3.4825363,-2.6003897,-0.42525622,-0.14173973,-0.52378273
25488.02,0.93631107,1.0,3.483434,-2.6011355,-0.42538944,-0.14173794,-0.5238431
25548.004,0.93625593,1.0,3.484326,-2.6018775,-0.42552182,-0.14173584,-0.5239031
25607.664,0.93620133,1.0,3.4852135,-2.602615,-0.4256537,-0.14173378,-0.5239628
25667.258,0.9361472,1.0,3.4860957,-2.6033485,-0.42578462,-0.14173184,-0.5240222
25726.736,0.9360933,1.0,3.486973,-2.6040776,-0.42591494,-0.14172998,-0.52408135
25785.865,0.9360394,1.0,3.487846,-2.6048038,-0.42604455,-0.14172809,-0.52413994
25844.895,0.93598604,1.0,3.488714,-2.6055248,-0.42617336,-0.14172591,-0.5241983
25903.777,0.93593276,1.0,3.489577,-2.6062424,-0.4263013,-0.14172402,-0.5242562
25962.518,0.935879,1.0,3.4904346,-2.6069534,-0.42642757,-0.14172211,-0.52431464
26021.082,0.9358249,1.0,3.4912865,-2.6076572,-0.42655134,-0.14172019,-0.52437335
26079.455,0.9357712,1.0,3.4921343,-2.6083567,-0.4266748,-0.14171834,-0.52443224
26137.639,0.9357182,1.0,3.4929764,-2.6090524,-0.42679727,-0.14171657,-0.5244906
26195.617,0.9356655,1.0,3.4938142,-2.609744,-0.4269192,-0.14171495,-0.52454877
26253.385,0.9356133,1.0,3.4946475,-2.610432,-0.42704022,-0.14171322,-0.52460635
26310.945,0.93556315,1.0,3.4954758,-2.6111157,-0.42716125,-0.14171077,-0.52466303
26368.564,0.9355118,1.0,3.496296,-2.611794,-0.42728254,-0.1417073,-0.5247185
26426.006,0.9354571,1.0,3.4971063,-2.6124666,-0.42740497,-0.1417016,-0.5247723
26483.219,0.93540186,1.0,3.497912,-2.613136,-0.42752656,-0.14169557,-0.5248254
26540.496,0.93534666,1.0,3.4987133,-2.6138022,-0.42764744,-0.14168933,-0.52487826
26597.533,0.9352913,1.0,3.4995103,-2.6144655,-0.4277679,-0.14168316,-0.5249306
26654.285,0.93523586,1.0,3.5003033,-2.615125,-0.42788747,-0.14167678,-0.5249824
26711.062,0.93518066,1.0,3.5010922,-2.615781,-0.42800632,-0.14167038,-0.52503395
26767.525,0.93512523,1.0,3.5018768,-2.6164339,-0.42812458,-0.14166403,-0.5250853
26823.998,0.93507016,1.0,3.502657,-2.6170833,-0.42824197,-0.14165752,-0.52513623
26880.45,0.9350152,1.0,3.5034332,-2.617729,-0.428359,-0.141651,-0.52518654
26936.547,0.9349601,1.0,3.504205,-2.6183717,-0.42847505,-0.14164451,-0.5252367
26992.588,0.9349055,1.0,3.5049732,-2.6190107,-0.42859063,-0.14163794,-0.5252866
27048.264,0.9348511,1.0,3.5057368,-2.6196458,-0.4287057,-0.14163154,-0.52533615
27103.854,0.9347967,1.0,3.5064974,-2.6202781,-0.42881957,-0.14162432,-0.5253861
27159.4,0.93474203,1.0,3.5072563,-2.6209059,-0.4289315,-0.14161563,-0.52543795
27214.865,0.9346874,1.0,3.508011,-2.6215303,-0.429043,-0.14160706,-0.5254891
27270.273,0.9346328,1.0,3.5087626,-2.6221516,-0.42915377,-0.14159822,-0.52554005
27325.209,0.93457836,1.0,3.5095096,-2.62277,-0.42926386,-0.14158961,-0.52559066
